term,lemma
(?),(?)
ʾ,ʾ
τοὺς,ὁ
τῆς,ὁ
τὴν,ὁ
τοῦ,ὁ
τῷ,ὁ
τῇ,ὁ
ἡ,ὁ
τῶν,ὁ
τὸ,ὁ
ὁ,ὁ
τὸν,ὁ
((%1000)),((%1000))
ab,"a, ab"
a,"a, ab"
abellanus,abellanus
abonius,abonius
absistit,"absisto, absistere"
absyrtus,Absyrtus
acanthus,"acanthus, acanthi"
acastus,acastus
ac(ce)pi,ac(ce)pi
(accepit),(accepit)
accipe,"accipio, accipere"
accepit,"accipio, accipere"
acceptum,"accipio, accipere"
acutius,acuo
acutum,"acutus, acuta, acutum"
acutus,"acutus, acuta, acutum"
ad,ad
admiror,admiror
advice,aduice
aebuti,aebuti
aedes,"aedes, aedis"
aedificium,"aedificium, aedificii"
aedilis,"aedilis, aedilis"
aedituus,"aedituus, aeditui"
aegle,aegle
aegrotes,"aegroto, aegrotare"
aemilio,aemilius
aenea,Aeneas
aeneam,"aeneus, aenea, aeneum"
aequae,"aequus, aequa, aequum"
aeris,"aer, aeris"
aestost,aestost
africano,africa
africanus,Africanus
agathemerus,Agathemerus
ager,"ager, agri"
agnas,"agna, agnae"
age,"ago, agere"
acti,"ago, agere"
agit,"ago, agere"
agrippa,agrippa
aiunt,aio
alis,"ala, alae"
albanius,albanius
albanus,Albanus
albinus,Albinus
alcestis,Alcestis
algemus,algemus
alica,"alica, alicae"
aliae,"alius, alia, alium"
aliis,"alius, alia, alium"
alleius,alleius
alisque,"alo, alere"
alo,"alo, alere"
aluntius,aluntius
amabiliter,"amabilis, amabiliis"
amator,"amator, amatoris"
amethyste,Amethyste
amicus,"amicus, amici"
ammonium,ammonium
amat,"amo, amare"
amare,"amo, amare"
amata,"amo, amare"
amas,"amo, amare"
ames,"amo, amare"
amon,"amo, amare"
amonius,amonius
amor,"amor, amoris"
ampliandam,ampliandam
ampliatus,"amplio, ampliare"
anaticulas,"anaticula, anaticulae"
anatolii,anatolii
anchario,anchario
ancora,"ancora, ancorae"
anedia,anedia
anicete,anicete
aniceti,aniceti
anicetum,Anicetum
aniciae,Anicia
animal,"animal, animalis"
animalia,"animal, animalis"
animum,"animus, animi"
annius,Annius
ana,ano
anser,"anser, anseris"
ante,ante
anteriores,anteriores
anthis,Anthis
anthus,anthus
antiochus,antiochus
antonius,antonius
antoni,Antonius
antymo,Antymus
anus,"anus, anus"
apeleis,apeleis
apelles,apello
apex,"apex, apicis"
aphrodite,aphrodite
aplustre,aplustre
apollinaris,Apollinaris
apollonia,Apollonia
apriculus,apriculus
apriles,aprilis
aprilis,aprilis
apsyrtus,apsyrtus
aptus,"aptus, apta, aptum"
aquas,"aqua, aquae"
aquis,"aqua, aquae"
aquaria,aquarius
aquiti,aquiti
ara,"ara, arae"
arboris,"arbor, arboris"
aristo,aristo
armis,"arma, armorum"
arma,"arma, armorum"
armaturiis,armaturiis
armatum,"armo, armare"
armatus,"armo, armare"
arrius,Arrius
artorius,Artorius
artus,"artus, arta, artum"
asas,asas
asbestus,asbestus
ascula,ascula
"asella, asellae","asella,"
asella(?),asella(?)
asella,"asella, asellae"
asellam,asellam
asini,"asinus, asini"
asseres,"assero, asserere"
(assibus),(assibus)
asse,assis
assem,assis
assibus,assis
asses,"asso, assare"
adsueta,assuesco
assultatus,"assulto, assultare"
astragalus,astragalus
atavus,atavus
atellana,atellana
ater,"ater, atra, atrum"
atilius,atilius
atillius,atillius
atimetus,Atimetus
atinas,atineo
ac,atque
atque,atque
attice,Attice
attilio,attilio
attine,attine
attium,attium
atτiκαις,atτiκαις
auctillus,Auctillus
aug,aug
auget,"augeo, augere"
auctus,"augeo, augere"
augu,augu
augurus,augurus
augustalis,augustal
augustiana,augustiana
augustas,"augustus, augusta, augustum"
aulum,aulis
auli,aulis
aulus,aulus
alterae,"alter, altera, alterum"
alterum,"alter, altera, alterum"
altera,"alter, altera, alterum"
alter,"alter, altera, alterum"
aurelius,aurelius
aut,aut
aviani,aviani
aves,"avis, avis"
ave,"avus, avi"
avis,"avus, avi"
bn,b
baculo,"baculus, baculi"
baculum,"baculus, baculi"
balbus,"balbus, balba, balbum"
barbati,"barbatus, barbata, barbatum"
barbata,"barbatus, barbata, barbatum"
barnaee,barnaee
basim,basim
basis,"basis, basis"
batacare,batacaris
beliatus,beliatus
bellicus,"bellicus, bellica, bellicum"
bellis,"bellum, belli"
bellissimus,"bellus, bella, bellum"
bene,benius
beronice,Beronice
bibe,"bibo, bibere"
biberes,"bibo, bibere"
binet,binet
binas,bini
bis,bis
blastus,blastus
bonum,"bonus, bona, bonum"
boni,"bonus, bona, bonum"
bono,"bonus, bona, bonum"
bonus,"bonus, bona, bonum"
bracchiorum,"bracchium, bracchii"
branc,branc
brevi,"brevis, breviis"
broc,broc
brut(t)idi,brut(t)idi
bucolus,bucolus
burrenio,burrenio
burrus,burrus
bλ,bλ
((c)),((c))
cacantì,cacantì
cacavit,cacavit
cadia,cadia
cecidisse,"cado, cadere"
caduceus,"caduceus, caducei"
caecilius,caecilius
caesi,"caedo, caedere"
caelo,"caelum, caeli"
caes,caes
caesaris,Caesar
caesia,caesius
caetronius,Caetronius
cai,cai
caii,caii
caio,caio
caius,Caius
calidius,"calidus, calida, calidum"
callìdrome,callìdrome
callistus,Callistus
cala,"calo, calonis"
calos,calos
camelus,"camelus, cameli"
candelabra,"candelabrum, candelabri"
cane,"canis, canis"
caniu,caniu
canus,"canus, cana, canum"
caphiso,caphiso
captus,"capio, capere"
capitoni,capito
"caput, capitis","caput,"
capita,"caput, capitis"
capite,"caput, capitis"
caput,"caput, capitis"
careius,Careius
carina,"carina, carinae"
carnem,"caro, carnis"
carpens,"carpo, carpere"
caselicius,caselicius
casellio,casellio
caseum,"caseus, casea, caseum"
casium,casium
cassacos,cassacos
castalo,castalo
castrensis,"castrensis, castrensiis"
castris,castrum
caste,"castus, casta, castum"
castus,"castus, casta, castum"
catedra,catedra
cauda,"cauda, caudae"
caupo,"caupo, cauponis"
causa,"causa, causae"
"caveo, cavere","caveo,"
cave,"caveo, cavere"
caves,"caveo, cavere"
ccassa,ccassa
ceacli,ceacli
ceio,ceio
centonem,cento
centum sex,centum
((centuria)),((centuria))
cent(uria)rum,cent(uria)rum
cent(uria)rum(?),cent(uria)rum(?)
centuria,"centurio, centurionis"
centurio,"centurio, centurionis"
cereales,cereal
cerialis,cerial
cerrinius,cerrinius
certamen,"certamen, certaminis"
cervi,ceruus
cervus,ceruus
cervum,ceruus
charca,charca
chie,Chius
chloe,Chloe
Chloe,"Chloe, Chlois"
chreste,chreston
chrestum,chrestum
ciconiae,"ciconia, ciconiae"
cigrotue,cigrotue
cilix,cilix
cima,cima
cinaede,"cinaedus, cinaedi"
cinaedus,"cinaedus, cinaedi"
cinnamus,Cinnamus
cìocìo,cìocìo
circularis,circularis
circulos,"circulus, circuli"
circuli,"circulus, circuli"
circulus,"circulus, circuli"
ciyroiviλc,ciyroiviλc
ciλ,ciλ
clappo,clappo
class='testo_nascosto'>(:φέρεσθαι)</span>,class='testo_nascosto'>(:φέρεσθαι)</span>
claudius,"claudus, clauda, claudum"
clodius,"claudus, clauda, claudum"
clavos,"clavus, clavi"
clemens,Clemens
clementis,Clemens
clim,clim
clipeus,"clipeus, clipea, clipeum"
clleri,clleri
(:cllerigenes?),(:cllerigenes?)
co,co
co(c)co,co(c)co
coelius,coelius
col((denarius)),col((denarius))
coliatius,coliatius
collatius,collatius
colono,"colonus, coloni"
columnae,"columna, columnae"
columnis,"columna, columnae"
comedant,comedant
comici,"comicus, comica, comicum"
cominiaes,cominiaes
cominius,cominius
commeatum,"commeatus, commeatus"
commiseresce,commiseresce
communis,"communis, communiis"
comnis,comnis
comatus,"como, comere"
comperendinaverunt,comperendinaverunt
con=,con=
conclave,"conclave, conclavis"
concordes,concordo
condiscens,condisco
condere,"condo, condere"
confirmas,"confirmo, confirmare"
confregisti,"confringo, confringere"
conglacio,conglacio
considerate,"considero, considerare"
consistunt,"consisto, consistere"
co(n)s(ul),co(n)s(ul)
consul,"consul, consulis"
co(n)s(ulibus),co(n)s(ulibus)
consulto,"consultum, consulti"
consumpserunt,"consumo, consumere"
conticuere,contaceo
contemnendo,"contemno, contemnere"
conticu,conticu
(:conticuere),(:conticuere)
continens,"contineo, continere"
con,"continuo, continuare"
contiquere,contiquere
contìquere,contìquere
contus,"contus, conti"
conversus,conuerto
conversi,converro
conversum,converro
cor,"cor, cordis"
corde,"cor, cordis"
cornelius,cornelius
cornibus,"cornu, cornus"
cornuto,cornutus
corona,"corona, coronae"
corpora,"corpus, corporis"
corvenius,coruenius
corydon,corydon
cosmus,cosmus
cressa,cressa
crista,"crista, cristae"
cristata,"cristatus, cristata, cristatum"
crocale,crocal
cruppac,cruppac
crusali,crusal
crus,"crus, cruris"
crux,"crux, crucis"
cubicularius,"cubicularius, cubicularia, cubicularium"
cubiculum,"cubiculum, cubiculi"
cum,cum
cumis,cumis
cunei,"cuneus, cunea, cuneum"
cunnum,"cunnus, cunni"
cupidi,"cupidus, cupida, cupidum"
cupimus,"cupio, cupere"
cuproniusepol,cuproniusepol
cur,cur
curator,"curator, curatoris"
curatores,"curator, curatoris"
curia,"curia, curiae"
currens,"curro, currere"
curvae,curuus
curva,"curvo, curvare"
cusini,cusini
c·xxv,c·xxv
cyli,cyli
cypare,Cyparis
cythera,cythera
cτρατονικοc,Cτρατονικοc
d,d
daphnus,Daphnus
dasius,dasius
david,David
de,de
debita,"debeo, debere"
debere,"debeo, debere"
debes,"debeo, debere"
december,december
decembres,decembres
decimi,"decimus, decima, decimum"
decimus,"decimus, decima, decimum"
decus,"decus, decoris"
deduxit,"deduco, deducere"
deduxistis,deduxistis
deìnde,deìnde
deius,deius
delineata,"delineo, delineare"
((denarium?)),((denarium?))
((denarium)),((denarium))
((denarius)),((denarius))
denarius,"denarius, denaria, denarium"
dentibus,"dens, dentis"
dequi,dequi
(de)t(ractis),(de)t(ractis)
dei,"deus, dei"
dex,dex
dext,dext
dextro,"dexter, dextra, dextrum"
dexter,"dexter, dextra, dextrum"
diem,"dies, diei"
dimicantes,"dimico, dimicare"
directae,"dirigo, dirigere"
diu,diu
divam,"diva, divae"
diversae,diverto
docendi,"doceo, docere"
docens,"doceo, docere"
dederit,"do, dare"
detur,"do, dare"
dare,"do, dare"
da,"do, dare"
dem,"do, dare"
dat,"do, dare"
daretis,"do, dare"
dolet,"doleo, dolere"
dom,dom
domì,domì
domina,"domina, dominae"
dominae:,dominae:
domino,"dominus, domini"
domus,"domus, domus"
dorcas,dorcas
dos,"dos, dotis"
dromedarius,"dromedarius, dromedarii"
dua,dua
duxerunt,"duco, ducere"
duo,duo
duos,duo
duae,duo
duas,duo
((:duo,((:duo
duplices,"duplex, dupliis"
duplex,"duplex, dupliis"
dxvs·,dxus·
e,e
echio,Echio
essetis,edo
mihi,ego
me,ego
ego,ego
men,ego
mi,ego
eidus,eidus
elencia,elencia
elephantus,"elephantus, elephanti"
eleusinae,eleusinae
emis,"emo, emere"
em(p)tu(s),em(p)tu(s)
ire,"eo, ire"
iri,"eo, ire"
epagathus,Epagathus
epaphra,epaphra
epaphrodite,epaphrodite
epaphroditum,Epaphroditum
epicurus,Epicurus
epidius,Epidius
eques,"eques, equitis"
equitans,"equito, equitare"
equitat,"equito, equitare"
equi,"equus, equi"
equus,"equus, equi"
er,er
ere,eremus
erga,erga
erectus,"erigo, erigere"
erotica,"eroticus, erotica, eroticum"
errant,"erro, errare"
"erus, eri","erus,"
eros,"erus, eri"
et,et
etoen,etoen
etsi,etsi
eu,eu
eucapa,eucapa
euche,euche
eueno,eueno
euhodus,Euhodus
euma,euma
eunomus,eunomus
euodus(:euhodus)</span>,Euodus(:Euhodus)</Span>
euplia,Euplia
evanthus,Evanthus
ex,ex
exegerunt,"exigo, exigere"
exempta,"eximo, eximere"
exsetri,exsetri
extabant,extabant
extremum,exter
externa,"externus, externa, externum"
f,f
fabia,Fabia
fabio,Fabius
facia]m,facia]m
facies,"facies, faciei"
facilis,"facilis, faciliis"
faciant,"facio, facere"
fac,"facio, facere"
fecit,"facio, facere"
facias,"facio, facere"
factum,"facio, facere"
fadius,fadius
faenum,faenum
falcem,"falx, falcis"
familia,"familia, familiae"
fasciis,fascia
fascis,"fascis, fascis"
fatuus,"fatuus, fatua, fatuum"
faustillam,Faustillam
faustio,Faustio
favstvs,Faustus
fausta,Faustus
faustus,Faustus
fausto,"faustus, fausta, faustum"
fausti,"faustus, fausta, faustum"
faventinus,faventinus
februarias,februarius
feles,feles
felicia,felicia
felicioni,felicio
f(e)li(citer),f(e)li(citer)
f(e)li(citer)(?),f(e)li(citer)(?)
feliciter,felicitius
feliculam,Feliculam
felix,"felix, feliis"
felices,"felix, feliis"
fellatrix,fellatrix
fellat,fello
fellas,fello
feminae,"femina, feminae"
feret,"fero, ferre"
ferreas,"ferreus, ferrea, ferreum"
ferro,"ferrum, ferri"
fidenter,fidenter
figuraeque,"figura, figurae"
figurae,"figura, figurae"
figura,figuro
filia,"filia, filiae"
filicia,filicia
felicula,filicula
feliculae,filicula
filii,"filius, filii"
filius,"filius, filii"
fit,"fio, fire"
firmus,"firmus, firma, firmum"
flammam,"flamma, flammae"
flavia,flavia
flavi,flo
floronius,Floronius
florus,"florus, flora, florum"
florem,"flos, floris"
flos,"flos, floris"
foliatus,foliatus
folium,"folium, folii"
foras,foras
forma,"forma, formae"
fortasse,fortasse
fortis,"fortis, fortiis"
fortuna,"fortuna, fortunae"
fortunata,Fortunata
fortun(a)tus,Fortun(A)Tus
fortunatus,fortuno
fortunate,fortuno
fratre,"frater, fratris"
fronto,Fronto
fructus,Fructus
fuficia,Fuficia
fulvius,Fuluius
fuminaria,fuminaria
fundat,"fundo, fundare"
fusci,Fuscus
fu`tu´ere,fu`tu´ere
futuerunt,futuerunt
futui{ì},futui{ì}
futuimus,futuimus
futuìt,futuìt
futuis,futuo
futuit,futuo
futuere,futuo
fututa,futuo
futui,futuo
futues,futuo
fututor,fututor
galeis,"galea, galeae"
galea,"galea, galeae"
galeata,galeata
galeati,galeatus
galeatum,galeatus
galeatus,galeatus
galerii,galerii
gallus,"gallus, galli"
gaud`i´ani,gaud`i´ani
gavi,gavi
gebeum,gebeum
geganius,Geganius
geneis,geneis
genialis,genial
genius,"genius, genii"
germanus,"germanus, germana, germanum"
gerens,"gero, gerere"
geryones,geryones
glaber,glaber
((gladiator,((gladiator
((gladiator cum scuto)),((gladiator
gladiatoreum,gladiatoreum
gladiatorum,"gladiator, gladiatoris"
gladiatores,"gladiator, gladiatoris"
gladiatori,"gladiator, gladiatoris"
gladiator,"gladiator, gladiatoris"
gladiatoris,"gladiator, gladiatoris"
gladiatoria,gladiatorius
gladius,"gladius, gladia, gladium"
gladioque,"gladius, gladia, gladium"
gladio,"gladius, gladia, gladium"
glaucus,glaucus
graffito,graffito
gryllus,gryllus
gs²m,gs²m
gubernaculis,gubernaculis
gubernaculo,"gubernaculum, gubernaculi"
gubernatore)),gubernatore))
guria(:curia),guria(:curia)
gutos,gutos
h,h
habes,"habeo, habere"
habere,"habeo, habere"
habenda,"habeo, habere"
haberent,"habeo, habere"
habeat,"habeo, habere"
habeas,"habeo, habere"
habet,"habeo, habere"
habeo,"habeo, habere"
habitamus,"habito, habitare"
habitat,"habito, habitare"
habitarunt,"habito, habitare"
habitaverunt,"habito, habitare"
haenas,haenas
hamas,hama
hamulam,hamula
hasta,"hasta, hastae"
he,he
hectic,hectic
hederae,hedera
heleni,helenium
heleusinae,heleusinae
helpis,helpis
hercolanius,hercolanius
herculanenses,herculanenses
herculani,herculani
Err:508,Err:508
heredae,heredae
heribus,heribus
herma,herma
hermeros,Hermeros
hermerotem,Hermeros
hermia,hermia
hermulus,hermulus
hoc,hic
hac,hic
hic,hic
haec,hic
hilare,"hilaris, hilariis"
hilari,"hilaris, hilariis"
hilarus,"hilarus, hilara, hilarum"
hinc,hinc
hispanus,hispanus
holconi,Holconi
"homo, hominis","homo,"
homo,"homo, hominis"
homini,"homo, hominis"
hominum,"homo, hominis"
hominis,"homo, hominis"
hominem,"homo, hominis"
homulo,homulo
honoris,"honor, honorem"
hoplomachus,hoplomachus
hortensi,Hortensius
hortus,"hortus, horti"
hostius,Hostius
huc,huc
humi,"humus, humi"
hus,hus
hyacinthus,Hyacinthus
hyginus,Hyginus
hymnus,hymnus
hʾys¹,hʾys¹
ì,ì
ia,ia
iaculo,"iaculus, iacula, iaculum"
ianua,ianua
ianuaria,Ianuaria
ianuariae,Ianuariae
ianuarìae,ianuarìae
ianuariaes,ianuariaes
ianuarias,ianuarius
iar,iar
iarinus,iarinus
ias,ias
ìas,ìas
icarus,icarus
icare,icarus
icui,icui
idus,idus
idibus,idus
ignem,"ignis, ignis"
i̅i̅i̅i̅,i̅i̅i̅i̅
ikarus,ikarus
ilia,ilia
imagine,"imago, imaginis"
im(:in),im(:in)
imperatoris,"imperator, imperatoris"
in,in
ìn,ìn
inaures,inauro
incedens,"incedo, incedere"
incendia,"incendium, incendii"
incendunt,"incendo, incendere"
incertum,"incertus, incerta, incertum"
Term,Indexing Key
induta,"induo, induere"
indutus,"induo, induere"
induti,"induo, induere"
infelicia,infelicia
infrenatus,"infrenatus, infrenata, infrenatum"
ingentia,ingens
innectebis,innectebis
inops,"inops, inoiis"
instrumentum,"instrumentum, instrumenti"
instructa,"instruo, instruere"
instructae,"instruo, instruere"
inter,inter
interrogamus,"interrogo, interrogare"
interscissae,interscissae
intersecta,intersecta
intersectae,intersectae
ìnvicta,ìnuicta
ionicus,ionicus
ipsa,"ipse, ipsis, ipsis"
ipsime,ipsime
irrius,irrius
irrumo,irrumo
ea,is
eos,is
eo,is
eum,is
issa,issa
istuc,"iste, istis, istis"
ita,ita
iterum,iterum
iucundus,iucundus
iucundissime,"iucundus, iucunda, iucundum"
iudices,iudex
iuliam,iulia
iulias,iulias
iulis,iulis
iulium,iulius
iuli,iulius
iulius,iulius
iuni,iuni
iunius,Iunius
iures,"iuro, iurare"
ius,ius
iustus,iustus
iusto,"iustus, iusta, iustum"
iutto,iutto
iuvari,iuvaris
iuvenalium,"iuvenalis, iuvenaliis"
k,k
k(?),k(?)
kalendas,kalendae
kalends,kalends
kz,kz
l,l
labrum,"labrum, labri"
labyrinthus,labyrinthus
lacaenae,lacaenae
lacrumae,"lacrima, lacrimae"
lagoenas,lagoenas
lali,lal
lalius,Lalius
lanternae,lanterna
laqueo,"laqueus, laquea, laqueum"
lardi,lardi
largificatis,largificatis
lasius,lasius
laviniam,Laviniam
legionis,"legio, legionis"
lentulo,lentulus
"leo, leonis","leo,"
leo,"leo, leonis"
leon,"leo, leonis"
(leonis?),(leonis?)
leontine,leontine
lepidi,"lepidus, lepida, lepidum"
les,les
leges,"lex, legis"
liberalis,"liberalis, liberaliis"
liberti,"libertus, liberti"
liberta,"libertus, liberti"
librari,"libro, librare"
liceat,licet
licinius,licinius
licintus,licintus
ligaria,ligaria
ligas,"ligo, ligare"
lineae,"linea, lineae"
lineis,"linea, lineae"
linea,lineus
lingit,lingo
lingis,lingo
linia,linia
lis,"lis, litis"
livius,livius
locare,locaris
locus est rufinae,"locus, loci"
locum,"locus, loci"
lodicem,lodicem
lol(l)i,lol(l)i
lollianus,Lollianus
lollius,Lollius
longinus,Longinus
longo,"longus, longa, longum"
longoque,"longus, longa, longum"
l̅v̅,l̅u̅
luccei,luccei
lucernam,"lucerna, lucernae"
lucianus,lucianus
lucidae,"lucidus, lucida, lucidum"
lucilius,Lucilius
lucio,lucius
lucium,lucius
lucius,lucius
lucii,Lucius
luci,Lucius
lucreti,Lucreti
lucrio,Lucrius
lucubratorium,lucubratorium
luculentissime,luculentissime
(:luculentissime),(:luculentissime)
luculentissimo,luculentissimo
lucumo,lucumo
lusit,"ludo, ludere"
ludi,"ludo, ludere"
luminum,"lumen, luminis"
lusor,lusor
luterem,luterem
lux,"lux, lucis"
m,m
ma,ma
ma(?),ma(?)
macer,"macer, macra, macrum"
mae,mae
magis,magiius
magister,"magister, magistri"
magistri,"magister, magistri"
maximum,"magnus, magna, magnum"
magno,"magnus, magna, magnum"
magna,"magnus, magna, magnum"
magni,"magnus, magna, magnum"
maior,"magnus, magna, magnum"
magonius,magonius
maias,maia
maledixi,maledixi
malo,"malo, malere"
maloque,"malo, malere"
"malus, mala, malum","malus,"
malus,"malus, mala, malum"
malum,"malus, mala, malum"
male,"malus, mala, malum"
malis,"malus, mala, malum"
mamium(:mammium),mamium(:mammium)
mammium,mammium
mandatus,"mando, mandare"
mansit,"maneo, manere"
mansi,"maneo, manere"
manilius,manilius
manio,manio
mansueta,mansueto
mansuetus,"mansuetus, mansueta, mansuetum"
manus,"manus, manus"
mar,mar
marca,Marca
marcelli,marcellus
marcello,Marcellus
marcili,marcilis
marcius,Marcius
marco,marcus
marci,Marcus
marcus,Marcus
"mare, maris","mare,"
mare,"mare, maris"
mari,"mare, maris"
marmorem,marmorem
martis,mars
mars,mars
martias,martias
matri,"mater, matris"
matris,"mater, matris"
matrona,"matrona, matronae"
max,max
medicavit,medicavit
medicus,"medicus, medici"
medusae,medusae
meientem,meientem
meminit,"memino, meminere"
memmius,memmius
menedemerumenus,menedemerumenus
menedimerumenus,menedimerumenus
mente,"mens, mentis"
mercedem,"merces, mercedis"
merces,"merces, mercedis"
mercurius,mercurius
(=mercurius?),(=mercurius?)
messalla,messalla
messenius,messenius
messio,messio
messìo,messìo
methe,methe
mea,"meus, mea, meum"
meae,"meus, mea, meum"
meis,"meus, mea, meum"
mei,"meus, mea, meum"
meam,"meus, mea, meum"
mìccionis,mìccio
miccìo,miccìo
miles,"miles, militis"
militibus,"miles, militis"
mille,mille
((mille)),((mille))
mille(?),mille(?)
mimus,"mimus, mimi"
ministrum,"minister, ministri"
miscella,miscellus
miserus,miserus
mita,mita
misit,"mitto, mittere"
mmmmus,mmmmus
mo,mo
moderatus,moderor
modesti,Modestus
modestus,Modestus
modo,modo
moeɔcia,moeɔcia
mol,mol
monit,monit
montani,"montanus, montana, montanum"
mopsus,Mopsus
morieris,morior
moritur,morior
mortis,"mors, mortis"
mortuus,"mortuus, mortua, mortuum"
moribus,"mos, moris"
mucius,mucius
mul,mul
mula,Mula
mulam,Mula
mulierarianus,mulierarianus
mulierum,"mulier, mulieris"
mulieres,"mulier, mulieris"
mulieris,"mulier, mulieris"
mulieri,"mulier, mulieris"
multiplication,multiplication
multo,"multus, multa, multum"
multas,"multus, multa, multum"
multa,"multus, multa, multum"
multis,"multus, multa, multum"
munus,"munus, muneris"
mur,mur
murmillo,murmillo
mus,Mus
Mus,Mus
musae,musa
muscario,muscario
musicus,"musicus, musica, musicum"
musicz,musicz
Myrine,Myrine
myrine,Myrine
myrtale,myrtal
myrtis,myrtum
mysine,mysine
mystagogus μυσταγωγός,mystagogus
mystice,Mysticus
nam,nam
narcissus,narcissus
nasso,nasso
nasone,"nasus, nasi"
nasum,"nasus, nasi"
natandus,natandus
nate,"natus, nati"
nauplius,Nauplius
nais,nautilus
naviculae,navicula
navium,navis
(((:navis,(((:navis
naves,"navo, navare"
nave,navus
navis,navus
ne,ne
negatis,"nego, negare"
nempius,nempius
neptunalis,neptunal
nequam,nequam
neque,neque
nec,neque
neronianus,neronianus
nescire,"nescio, nescire"
nescit,"nescio, nescire"
ní,ní
nica,nica
nicanor,Nicanor
nicedius,nicedius
nicephor,nicephor
nice,nico
nicopolis,Nicopolis
nigro,"niger, nigra, nigrum"
nihil,nihil
nisi,nisi
nixus,"nitor, niti"
ʾnʿm,ʾnʿm
nn,nn
noeto,Noeto
((:nomen,((:nomen
nomina,"nomen, nominis"
nomine,"nomen, nominis"
nomen,"nomen, nominis"
non,non
nonas,nona
nonaginta novem,nonaginta
nas,"no, nare"
nat,"no, nare"
(no)nas,(no)nas
nonio,nonio
nonnius,nonnius
nonis,"nonus, nona, nonum"
nonius,"nonus, nona, nonum"
nos,nos
novisti,"nosco, noscere"
novimus,"nosco, noscere"
noster,"noster, nostra, nostrum"
notatum,notas
nothvs,nothus
nothus,nothus
novembres,novembres
novembris,novembris
noctibus,"nox, noctis"
nuces,nuces
nucherinis,nucherinis
nuelas,nuelas
num,num
"numen, numinis","numen,"
numina,"numen, numinis"
numini,"numen, numinis"
numero,"numerus, numeri"
numerus,"numerus, numeri"
numisii,numisii
nummulario,nummularius
numulario(:nummulario),numulario(:nummulario)
nunc,nunc
nus,nus
ny,ny
o,o
ɔ,ɔ
ob,ob
oblongus,oblongus
obscene,"obscenus, obscena, obscenum"
ocea,ocea
oceanus,oceanus
ocreis,"ocrea, ocreae"
ocreisque,"ocrea, ocreae"
oculi,"oculus, oculi"
ofellas,ofella
oleum,"oleum, olei"
olithus,olithus
olor,"olor, oloris"
omnia,"omnis, omniis"
omnes,"omnis, omniis"
omnibus,"omnis, omniis"
omr,omr
o(?)mr(?),o(?)mr(?)
oneraria,oneraria
onesimus,Onesimus
Onesimus,Onesimus
onustus,"onustus, onusta, onustum"
oppi,oppi
oppositae,"oppono, opponere"
optatus,"opto, optare"
optime,optume
opus,"opus, operis"
or,or
(or,(or
orbiculis,orbiculis
ordinis,"ordo, ordinis"
ornamentae,ornamentae
ornamenta,"ornamentum, ornamenti"
ornatus,"orno, ornare"
oro vos faciatis,"oro, orare"
ore,"os, ossis"
os,"os, ossis"
pri,other
ovas,ovas
ovius,ovius
"pacatus, pacata, pacatum","pacatus,"
pacatus,"pacatus, pacata, pacatum"
paenulam,paenula
paeoniam,paeonia
paganis,paganus
palliolo,"palliolum, pallioli"
palliolum,"palliolum, pallioli"
palmis,"palma, palmae"
palmae,"palma, palmae"
palmam,"palma, palmae"
palma,palmo
palo,palo
pan,pan
panem,"panis, panis"
pane,"panis, panis"
panta,panta
papiri,papiri
paries,"pario, parere"
paris,Paris
parma,"parma, parmae"
paria,"par, piis"
pars,"pars, partis"
parte,"pars, partis"
partim,"pars, partis"
participantur,participo
parvum,paruus
minor,paruus
minus,paruus
minimum,paruus
parva,paruus
pascela,pascela
pastores,"pastor, pastoris"
patri,"pater, patris"
paucae,"paucus, pauca, paucum"
pauper,"pauper, paupiis"
pedica,"pedica, pedicae"
pedicarem,pedicaris
pedicare,pedicaris
pedicat,pedicat
pedicavero,pedicavero
pedico,"pedico, pedicare"
pelias,pelias
pelle,"pello, pellere"
pelvis,pelvis
peram,"pera, perae"
periit,"pereo, perire"
persi,"permulceo, permulcere"
persuavissime,persuavissime
pedes,"pes, pedis"
pedibus,"pes, pedis"
petasatus,petasatus
petecusanis,petecusanis
petilius,petilus
petat,"peto, petere"
petit,"peto, petere"
phalli,phalli
phallum,phallum
phallus,phallus
philetero,philetero
phoebus,Phoebus
phoebì,Phoebus
phosphorus,phosphorus
phryges,phryges
phyl,phyl
pier,pier
pierus,Pierus
pileatus,"pileatus, pileata, pileatum"
piscis,"piscis, piscis"
pisces,"piscis, piscis"
pisu,pisu
pitamnus,pitamnus
pittacius,pittacius
placidus,"placidus, placida, placidum"
planì,planì
plataco,plataco
pleia,pleia
plotium,plotium
polycarpus,polycarpus
pompeiana,pompeiana
pompeiano,pompeiano
pompeianis,pompeianus
pompeiis,pompeiis
pompeis,pompeis
pomponi,pomponi
pomponí,pomponí
poma,"pomum, pomi"
pondo,pondo
positas,"pono, ponere"
ponis,"pono, ponere"
ponam,"pono, ponere"
popidi,popidi
popillius,Popillius
popius,Popius
porcinam,porcina
porcius,Porcius
porro,porro
possunt,possum
possem,possum
postquam,postquam
postumius,Postumus
postumi,Postumus
praebuit,"praebeo, praebere"
pranderunt,pranderunt
pretium,"pretium, pretii"
pridie,pridie
prìmigeniae,prìmigeniae
primigenia,primigenius
primigenio,Primigenius
primuis,primuis
primus,"primus, prima, primum"
prima,"primus, prima, primum"
prius,"prior, priiis"
priscus,"priscus, prisca, priscum"
pro,pro
procame,Procame
procul)))),procul))))
proculi,proculis
proculo,Proculus
proculus,Proculus
procumbens,"procumbo, procumbere"
procurator,"procurator, procuratoris"
propero,"propero, properare"
propesi,propesi
propitia,"propitio, propitiare"
prora,"prora, prorae"
prosequens,"prosequor, prosequi"
prospera,prosper
prospiciens,"prospicio, prospicere"
providentes,"provideo, providere"
provocatores,provocator
provocator,provocator
psittaci,"psittacus, psittaci"
publi,publi
publius,Publius
pudor,"pudor, pudoris"
puellas,"puella, puellae"
puella,"puella, puellae"
puellarum,"puellaris, puellariis"
"puer, i","puer,"
puer,"puer, i"
pugiles,"pugil, pugilis"
pugnantes,"pugno, pugnare"
\,punc
[ εὑ]ρὼν,punc
),punc
punc,punc
pvnico,punicus
pupa,pupa
purmentarium,purmentarium
puteolani,puteolani
puteolanis,puteolanis
puteolis,puteoli
puteolos,puteolos
quadratus,quadro
quadratum,quadro
quadrum,"quadrum, quadri"
quadrupes,quadrupes
quaere,"quaero, quaerere"
quaesivi,"quaero, quaerere"
quam,quam
quant,quant
quant(?),quant(?)
quare,quare
quartilla,Quartilla
quartio,quartio
quartu,quartu
quasi,quasi
quatit,"quatio, quatere"
quati,"quatio, quatere"
quattuor,quattuor
que,que
quae,qui
quibus,qui
quorum,qui
quos,qui
cui,qui
quod,qui
quem,qui
qua,qui
cuius,qui
quas,qui
quicti,quicti
quacumque,quicumque
quicumque,quicumque
quendam,quidam
quidam,quidam
quinque,quinque
((quinque centum)),((quinque
quintilius,quintilius
quinti,"quintus, quinta, quintum"
quintus,"quintus, quinta, quintum"
quid,quis
quis,quis
quisquis,quisquis
quo,quo
quorumc,quorumc
quovis,quovis
ramo,"ramus, rami"
rare,raris
(rationis),(rationis)
rationis,"ratio, rationis"
ratio,"ratio, rationis"
rationem,"ratio, rationis"
raur,raur
recte,"rectus, recta, rectum"
rectus,"rectus, recta, rectum"
redire,"redeo, redire"
redii,"redeo, redire"
remis,remi
remmius,remmius
remisque,"remus, remi"
renibus,renibus
rete,reor
res,"res, rei"
restinguere,restinguo
restituta,"restituo, restituere"
retrogradum)),retrogradum))
rite,ritius
rogo,"rogo, rogare"
rogamus,"rogo, rogare"
rogavit,"rogo, rogare"
roma,roma
romanus,romanus
romulus,Romulus
rostro,"rostrum, rostri"
rotundi,"rotundus, rotunda, rotundum"
rotundus,"rotundus, rotunda, rotundum"
rru,rru
rub,rub
rubenses,rubenses
rudibus,"rudis, rudis"
rudentibus,rudo
rufini,Rufinus
rufula,Rufula
rufa,rufus
rufi,Rufus
rufus,Rufus
ruina,"ruina, ruinae"
rusatia,rusatia
rusiunnae,rusiunnae
ro,"rus, ruris"
rum,"rus, ruris"
russa,russus
rusticus,"rusticus, rustici"
((s,((s
((s retrogradum)),((s
((s)),((s))
s¹lm,s¹lm
s²ms¹rm,s²ms¹rm
sabidia,sabidia
sabina,Sabina
sabinus,Sabinus
sacomata,sacomata
sagatus,sagatus
sagenio,sagenio
salarius,"salarius, salaria, salarium"
salinensi,salinensi
salve,salueo
salvia,saluia
salutem,"salus, salutis"
(salutem),(salutem)
salvum,saluus
samnes,samnes
sapiet,"sapio, sapere"
sarnensis,sarnensis
saturninae,Saturninae
saturninus,Saturninus
satur,"satur, satura, saturum"
sav(?),sau(?)
sauf,sauf
saufei,saufei
savfei,saufei
sautrane,sautrane
sav,sav
sava,sava
saxo,"saxum, saxi"
scaena,"scaena, scaenae"
scalae,scala
scalis,"scalae, scalarum"
scapheola,scapheola
scarabei,scarabei
scaudì,scaudì
scava,scava
scepsidi,scepsidi
scierunt,"scio, scire"
scio,"scio, scire"
scis,"scio, scire"
scito,"scio, scire"
scordopordonicus,scordopordonicus
scribit,"scribo, scribere"
scripsit,"scribo, scribere"
scripta,"scribo, scribere"
scriptum,"scribo, scribere"
scripsi,"scribo, scribere"
scriptor,"scriptor, scriptoris"
scriptum)),scriptum))
scuto)),scuto))
scutum,"scutum, scuti"
scuto,"scutum, scuti"
scuti,"scutum, scuti"
scutis,"scutum, scuti"
scyphus,scyphus
seciolo,seciolo
secundus,"secundus, secunda, secundum"
securis,"securis, securis"
secun,secus
secutor,secutor
sed,sed
sedulatus,sedulatus
((semis)),((semis))
semis,"semis, semissis"
semper,semper
semproni,Sempronius
(:senatus),(:senatus)
senatu,"senatus, senatus"
senatus,"senatus, senatus"
s,"senatus, senatus"
senos,seni
sentius,sentus
septem,septem
septembres,septembres
septumius,Septumius
sequanus,sequanus
sequere,"sequor, sequi"
satura,"sero, serere"
servilius,seruilius
ser,seruius
servabo,seruo
servus,seruus
ses,ses
((sestertii)),((sestertii))
severus,"severus, severa, severum"
sex,sex
sextus,sextus
sextius,sextus
sexto,sextus
shb,shb
si,si
sic,sic
sicaque,sicaque
sica,"sica, sicae"
siccia,siccia
siculis,siculis
siculus,siculus
((signa duo)),((signa
signum,"signum, signi"
silentiolus,Silentiolus
siloni,silo
simplex,"simplex, simpliis"
simplices,"simplex, simpliis"
simul,simul
sin,sin
sin),sin)
sine,sine
singulos,singuli
singula,"singulus, singula, singulum"
situs,"sino, sinere"
siqua,siqua
sisininus,Sisininus
sitiens,"sitio, sitire"
sitio,"sitio, sitire"
sittius,sittius
socius,socius
socio,socius
sodales,sodal
sodalis,"sodalis, sodalis"
sollemnes,"sollemnis, sollemniis"
sollemne,"sollemnis, sollemniis"
sollemnis,"sollemnis, sollemniis"
solus,"solus, sola, solum"
soli,"solus, sola, solum"
spaerus,Spaerus
spedio,spedio
spes,"spes, spei"
spleia,spleia
stabuli,stabulis
stamen,"stamen, staminis"
star,star
stars,stars
stati,stas
statilio,statilius
stationem,"statio, stationis"
statum,"status, status"
stellae,"stella, stellae"
stella,"stella, stellae"
stellio,stellio
stercora,stercoro
stratus,"sterno, sternere"
stheneli,sthenelis
statius,"sto, stare"
stans,"sto, stare"
stratonicus,Stratonicus
strig(i)les,strig(i)les
sturnus,"sturnus, sturni"
suarium,suarius
suavis,"suavis, suaviis"
sub,sub
subligaculo,subligaculum
successus,"successus, successus"
suellius,Suellius
se,sui
sulto,sulto
future,sum
sit,sum
sumus,sum
erunt,sum
sint,sum
es,sum
fuerunt,sum
fuimus,sum
fuat,sum
fuit,sum
est,sum
sunt,sum
esse,sum
summa,"summus, summa, summum"
summus,"summus, summa, summum"
sumit,"sumo, sumere"
superba,"superbus, superba, superbum"
superis,superi
superior,"superus, supera, superum"
supra,supra
surì,surì
surus,surus
suis,"suus, sua, suum"
suam,"suus, sua, suum"
suae,"suus, sua, suum"
sua,"suus, sua, suum"
suum,"suus, sua, suum"
symmachus,Symmachus
symphorus,Symphorus
syneros,Syneros
synethus,Synethus
Synethus,Synethus
syntrophus,syntrophus
syra,syron
syrus,Syrus
t,t
tabificantque,tabificantque
tabulas,"tabula, tabulae"
taeduisti,taeduisti
tangere,"tango, tangere"
tarde,"tardus, tarda, tardum"
tatius,tatius
(taurus?),(taurus?)
taurus,"taurus, tauri"
tbt,tbt
tempus,"tempus, temporis"
tenentis,"teneo, tenere"
tenens,"teneo, tenere"
tene,"teneo, tenere"
tertiani,tertianus
tertio,Tertius
testifico,testifico
theloate,theloate
thorax,thorax
thraex,thraex
t(h)raso,t(h)raso
t(h)raso(?),t(h)raso(?)
thymatula,thymatula
thymeli,thymelis
thymiaterion,thymiaterion
tiber,tiber
tiberius,tiberius
ti,Tiberius
tiburtinus,tiburtinus
timinia,Timinia
tironis,Tiro
tìtì,tìtì
titinius,Titinius
tito,titus
titi,Titus
titus,Titus
tm,tm
togati,"togatus, togata, togatum"
tomi,tomi
tonsori,"tonsor, tonsoris"
tonsor,"tonsor, tonsoris"
totus,"totus, tota, totum"
traces,traces
tradere,"trado, tradere"
trade,"trado, tradere"
trama,trama
trans,trans
tria,"tres, triis"
trium,"tres, triis"
tres,"tres, triis"
tridens,"tridens, tridentis"
trifolio,trifolium
trimembres,trimembres
trophaeum,"tropaeum, tropaei"
tros,tros
te,tu
vos,tu
tibi,tu
tum?,tum?
tunica,"tunica, tunicae"
turma,"turma, turmae"
turris,"turris, turris"
turuda,turuda
tutari,tutaris
tuo,"tuus, tua, tuum"
tuas,"tuus, tua, tuum"
tyaniano,tyaniano
tychen,tychen
tύχη,tύχη
ubique,ubique
ugoni,ugoni
((:vir,((:uir
ultas,"ulciscor, ulcisci"
umbricia,umbricia
umeris,"umerus, umeri"
umeri,"umerus, umeri"
uncum,"uncus, unca, uncum"
uncus,"uncus, unca, uncum"
unguentarius,unguentarius
unguibus,"unguis, unguis"
unus,"unus, una, unum"
unam,"unus, una, unum"
unum,"unus, una, unum"
una,"unus, una, unum"
urbane,"urbanus, urbana, urbanum"
urbani,"urbanus, urbana, urbanum"
urbanus,"urbanus, urbana, urbanum"
urceolos,"urceolus, urceoli"
urosacula,urosacula
ursus,"ursus, ursi"
ursi,"ursus, ursi"
urso,"ursus, ursi"
us,us
usque,usque
usuram,"usura, usurae"
ut,ut
utrisque,"uterque, utraque, utrumque"
uti,uti
utica,utica
usura,"utor, uti"
utreis,utreis
uxor,"uxor, uxoris"
v,v
v(?),v(?)
vadavo,vadavo
vade,"vado, vadere"
vale,val
val,val
valentina,Valentina
valentinae,valentinae
valete,"valeo, valere"
valeant,"valeo, valere"
valeri,"valeo, valere"
valens,"valeo, valere"
valeamus,"valeo, valere"
valeas,"valeo, valere"
valeatis,"valeo, valere"
valentis,"valeo, valere"
valeat,"valeo, valere"
valer,valer
valerius,valerius
variae,varia
variis,"varius, varia, varium"
vasileus,vasileus
vasa,"vasum, vasi"
vcq,vcq
vcq(?),vcq(?)
vecors,"vecors, vecoiis"
vectat,vectat
vectiga,vectiga
vehens,"veho, vehere"
vel,vel
vela,"velo, velare"
velis,"velum, veli"
ven,ven
venatio,"venatio, venationis"
venatores,"venator, venatoris"
veneri,veneri
veneriam,veneriam
venì,venì
"venio, venire","venio,"
veniat,"venio, venire"
venis,"venio, venire"
veneris,"venio, venire"
veniam,"venio, venire"
venimus,"venio, venire"
venientis,"venio, venire"
veni,"venio, venire"
venivit,venivit
venus,Venus
venusta,Venustus
venustus,"venustus, venusta, venustum"
verginiam,Verginiam
verna,"vernus, verna, vernum"
verpa,verpa
versum,"verro, verrere"
vervicius,veruicius
vera,"verus, vera, verum"
verus,"verus, vera, verum"
ver,"ver, veris"
vesbinus,vesbinus
vestris,"vester, vestra, vestrum"
vestimentis,"vestimentum, vestimenti"
vesuvius,vesuvius
vetio,vetio
vota,"veto, vetare"
vettius,vettius
"vexillum, vexilli","vexillum,"
vexillum,"vexillum, vexilli"
viator,"viator, viatoris"
vibidi,vibidi
vicccm,vicccm
vicic,vicic
vicini,"vicinus, vicini"
vìco,vìco
"victoria, victoriae","victoria,"
vìctoria,vìctoria
victoria,"victoria, victoriae"
victorie,victorie
victor,"victor, victoris"
victrix,"victrix, victriis"
vidimus,"video, videre"
videtur,"video, videre"
vinicius,Vinicius
vinum,"vinum, vini"
viro,"vir, i"
viri,"vir, i"
vir,"vir, i"
virum,"vir, i"
virilio,virilio
viriod,viriod
viriotal,viriotal
vim,"vis, vi"
vi,"vis, vi"
vitalio,Vitalio
vitae,"vita, vitae"
vivanius,Vivanius
vivere,"vivo, vivere"
vivant,"vivo, vivere"
vix,vix
viλianio,viλianio
Voconius,Voconius
voconius,Voconius
vocas,"voco, vocare"
vol,vol
vole,vole
vis,volo
voluit,volo
voltini,voltini
voltinia,Voltinia
voluìt,voluìt
volumnius,volumnius
votroni,Votronius
votum,"voveo, vovere"
vulneratum,"vulnero, vulnerare"
w,w
xviiiì,xuiiiì
xvi((semis)),xui((semis))
zephyros,zephyros
α,α
αβγ,αβγ
αβγδ,αβγδ
αβγδε,αβγδε
αβγδεζηθ,αβγδεζηθ
αβγδεζηθικλμ,αβγδεζηθικλμ
αβγδεζηθικλμνξοπρστυφχψω,αβγδεζηθικλμνξοπρστυφχψω
αβγυκφκ,αβγυκφκ
αδελφ,αδελφ
αδι,αδι
αδι’,αδι’
αλλα,αλλα
αμ,αμ
αμπης,αμπης
αν,αν
ἐὰν,ἐάν
ανακας,ανακας
απ,απ
απολολει,απολολει
ατη,ατη
ἑαυτὸν,ἑαυτοῦ
αψοε,αψοε
αψοεοβ,αψοεοβ
βαιτην,βαιτην
βαίτῃ,βαίτης
βινεῖς,βινεῖς
βινεῖ,βινέω
βομβύκιον,βομβύκιον
γ),γ)
ἀγαθώτατε,ἀγαθώτατε
γαμεῖν,γαμέω
ἄγγελος,ἄγγελος
γ,γε
ὑγείᾳ,ὕγειος
γενος,γενος
ἡγεῖνος,ἡγεῖνος
γη,γη
γις,γις
γνώμονος,γνώμων
γράφω,γράφω
γράφων,γράφω
γυνὴ,γυνή
γυναῖκα,γυνή
γω,γω
ἡμῶν,ἐγώ
ἐγώ,ἐγώ
ἐγὼ,ἐγώ
ἐμοῦ,ἐγώ
μέ,ἐγώ
ἀγῶνα,ἀγών
δ,δ
δακτυλεις,δακτυλεις
δὲ,δέ
δέ,δέ
δεδωκὼς,δεδωκὼς
δεζη,δεζη
δειχει,δειχει
δέκα,δέκα
ἀδελφὸς,ἀδελφός
δεργιαχαι,δεργιαχαι
δεστανωι,δεστανωι
δη,δη
δημόκριτος,δημόκριτος
(δηνάρια)δ,(δηνάρια)δ
δι’,δι’
διὰ,διά
διά,διά
διασω,διασω
διασωθείς,διασώιζω
δὸς πυγίσαι,δίδωμι
διογένης,Διογένης
διογένης,Διογένης
διώλεσεν,διόλλυμι
δήμου,δῆμος
δήμῳ,δῆμος
δο,δο
δοκεῖ,δοκέω
ἡδονή,ἡδονά
δύο,δύο
/δφξβ,/δφξβ
ε,ε
εἰ,εἰ
εyη,εyη
ἰδὼν,εἶδον
ειποναν,ειποναν
εισιν,εισιν
ἐστὶν,εἰμί
ἐστί,εἰμί
ὢν,εἰμί
εἰμί,εἰμί
εν,εν
ενης,ενης
ενοηγας,ενοηγας
εἶπεν·,εἶπεν·
εἴπεις,εἶπον
εἶπεν,εἶπον
εἶπον,εἶπον
εἰς,εἰς
εἷς,εἷς
μίαν,εἷς
μία,εἷς
εἴσιδι,εἴσιδι
εἴσις,εἴσις
εὐστα,εὐστα
εὐστα〚υτω〛θίου,εὐστα〚υτω〛θίου
//ετειμηκττονπδρι////ξο///,//ετειμηκττονπδρι////ξο///
εὐτυχεῖν,εὐτυχέω
ευη,ευη
ευνυϲ,ευνυϲ
εὐπρέπης,εὐπρεπέω
εὐτύχει,εὐτυχέω
εὐφήμει,εὐφημέω
εὐφροσύνη,εὐφρόσυνος
εὐχαριστῶ,εὐχαριστέω
εὐξάμενος,εὔχομαι
εὐχόμεθα,εὔχομαι
εὐχαρειστῶ,εὐχαρειστῶ
εὐχαρι,εὐχαρι
εω,εω
εων,εων
ζ,ζ
ζῇς,ζάω
ζήθι,ζήθι
ζήθιπν,ζήθιπν
ζητη,ζητη
ζήτη,ζήτη
ζήτημα,ζήτημα
ζοη,ζοη
ζοή,ζοός
ζήτημα,ζήτημα
η,η
ηθχα,ηθχα
οὗ,ἵημι
ηνην,ηνην
ηχαη,ηχαη
θ,θ
θάλλος,θάλλος
ἐθαραπεύ,ἐθαραπεύ
ἐθαραπεύθην,ἐθαραπεύθην
θεαγένης,θεαγένης
θειῶδ’,θειῶδ’
θελητὴ,θελητὴ
θεὸν,θεός
θεῶν,θεός
θεόν,θεός
θη,θη
θίου,θίου
ι,ι
ιδειν,ιδειν
ὑιείνου,ὑιείνου
ιζ,ιζ
ιι,ιι
ιλειπο,ιλειπο
κάζων,κάζων
καί,καί
καὶ,καί
καιαποεανος,καιαποεανος
κακ⌜ὸ⌝ν,κακ⌜ὸ⌝ν
κα`κοῦ´,κα`κοῦ´
καλῶν,καλός
καλῆς,καλός
καλὸς,καλός
καντρια,καντρια
κατὰ,κατά
κατέκτανε,κατακτείνω
κατακτείνω,κατακτείνω
καταπείνῃ,καταπείνῃ
καταποτα,καταποτα
καταχ,καταχ
κεηρ,κεηρ
κέλϲα,κέλϲα
κέλσου,κέλσου
κζ,κζ
κιυς,κιυς
κλέος,κλέος
κληβιχν,κληβιχν
κλίδισον,κλίδισον
κογιτάτουϲ,κογιτάτουϲ
κοε,κοε
κοες,κοες
κος,κος
ἐκρ,ἐκρ
ἐκράφη,ἐκράφη
κρόκης,κρόκη
κρόκη,κρόκη
ἐκτημένην,ἐκτημένην
κυβ,κυβ
κυλίας,κυλίας
κυνικὸς,κυνικὸς
κυρία,κύριος
κύριος,κύριος
κυρίας,κύριος
κυρίους,κύριος
κωντρ,κωντρ
ἐλάθε,ἐλάθε
ἐλάθε{ι},ἐλάθε{ι}
ἐλάινε,ἐλάινε
ἐλάινος,ἐλάινος
λαρια,λαρια
λε,λε
λεγ,λεγ
λεγόμενος,λέγω
λεις,λεις
ἀλέξανδρε,ἀλέξανδρος
ἀλέξανδρος,ἀλέξανδρος
λητος,λητος
λιαβιχτλ,λιαβιχτλ
λιβερᾶλις,λιβερᾶλις
λικιο,λικιο
λόγος,λόγος
ὅλοξ,ὅλοξ
ὅλους,ὅλοξ
λου,λου
λουκος,λουκος
λουσιν,λουσιν
λοῦσαν,λούω
λυκο,λυκο
λυκρίων,λυκρίων
λύχνους,λύχνος
λυω,λυω
μiiροαβ,μiiροαβ
μα,μα
ματακαισω,ματακαισω
μεζηθικλλι,μεζηθικλλι
μετὰ,μετά
μὴ,μή
μή,μή
ἐμήσθη,ἐμήσθη
μίαινε,μιαίνω
μιμοῦ,μιμέομαι
μῆλον,μῆλον
μνα,μνα
μνξοπρϲτυφχψω,μνξοπρϲτυφχψω
μολα,μολα
μοὺς,μοὺς
μουσαῖος,μουσαῖος
ἂν,ἄν
κε,ἄν
ἐν,ἐν
ν,ἐν
ἄν,ἀνά
ἀναγ,ἀναγ
ἀναγεινώ<sup>σ</sup>κων,ἀναγεινώ<sup>σ</sup>κων
ἀναγεινώσκων,ἀναγεινώσκων
ἀναγινώσκοντι,ἀναγιγνώσκω
ἀναγινό<sup>σ</sup>κοντα,ἀναγινό<sup>σ</sup>κοντα
ναε,ναε
ἀνατολή,ἀνατολή
ἀνατολῆς,ἀνατολή
ἀνατολῆς),ἀνατολῆς)
νεικήτης,νεικήτης
νεικητής,νεικητής
νεῖλος,νεῖλος
νεῖλος,νεῖλος
νειτη,νειτη
ὀνέϲιμοϲ,ὀνέϲιμοϲ
νήσας,νέω
νη,νη
ὀνήσιμος,ὀνήσιμος
ὀνήσιμε,ὀνήσιμος
ὀνησίμου,ὀνήσιμος
ἐνθάδε,ἐνθάδε
νικλαπαν,νικλαπαν
νόθ<sup>ο</sup>ς,νόθ<sup>ο</sup>ς
νόθ{η}<sup>ο</sup>ς,νόθ{η}<sup>ο</sup>ς
νοις,νοις
ὄνομα,ὄνομα
νος,νος
νφ,νφ
νωδες,νωδες
νωζ,νωζ
ἐξαπίνης,ἐξαπίνης
ξενότιμος,ξενότιμος
μους,ξενότιμος
ξρακυτ,ξρακυτ
ἐξώλη,ἐξώλης
ο,ο
οβ,οβ
ολοπληθος,ολοπληθος
οξ,οξ
ος,ος
ταῦτα,οὗτος
ουδεννος,ουδεννος
πiiii,πiiii
παιδίου,παίδιον
ἄπαις,ἄπαις
παρθένα,παρθένα
πάρις,πάρις
παίδων,παῖς
πε,πε
περὶ,περί
ἐπῆλθεν,ἐπέρχομαι
πης,πης
ἐπι,ἐπι
ἐπὶ,ἐπί
ἐπ’,ἐπί
ἐφεσίοις,ἐπιέννυμι
πινκίρνας,πινκίρνας
πίνετε,πίνω
πίστις,πίστις
πν,πν
πνεῦμα,πνεῦμα
π,ἀπό
ὑπ’,ὑπό
ὑπὸ,ὑπό
ἀπέδωκε,ἀποδίδωμι
ἐποίησε,ποιέω
ἐποίει,ποιέω
πολaζη,πολaζη
πόλεμος,πόλεμος
πόλεμον,πόλεμος
πολλ<sup>ο</sup>ῖς,πολλ<sup>ο</sup>ῖς
πολυπου,πολυπου
πολλὰ,πολύς
ποταμοῦ,ποταμός
πρὼ,πρὼ
πρεις,πρεις
πρης,πρης
προκλα,προκλα
πρόκλα,πρόκλάω
πρότερος,πρότερος
πρώτοις,πρότερος
πρῶτος,πρῶτος
πρώτη,πρῶτος
πρυτανικός,πρυτανικός
πρώ,πρώ
πρωτο,πρωτο
πᾶν,πᾶς
πᾶσι,πᾶς
πᾶς,πᾶς
πυγίζει,πυγίζει
πυγίζεται,πυγίζεται
πυγίζομαι,πυγίζομαι
ἐπύγισα,πυγίζω
πυγίσε,πυγίσε
ρ,ρ
ρα,ρα
ὥρα,ὥρα
ἡρακλείδης,ἡρακλέης
ἡρακλέης,ἡρακλέης
ἔργον,ἔργον
ρε,ρε
ἀριθμός,ἀριθμός
ἀριθμὸς,ἀριθμός
<ἀ>ριθμὸς,<ἀ>ριθμὸς
ἑρμῆς,ἑρμῆς
ἑρμίας,ἑρμίας
ὄρη,ὄρος
ἁρποκρᾶς,ἁρποκρᾶς
ἁρπορκρᾶς,ἁρπορκρᾶς
ἀρτεμιδώρου,ἀρτεμίδωρος
ἄρτος,ἄρτος
ὀρχη,ὀρχη
ὀρχῆσαι,ὀρχῆσαι
ἔρως,ἔρως
σ,σ
ὅς,ὅς
οἷς,ὅς
ἧς,ὅς
σαβεῖνε,σαβεῖνε
σαβίνιο,σαβίνιο
σαρδιανοῖς,σάρδεις
σάρδεις,σάρδεις
ἀσείας,ἀσείας
σι,σι
<ἰσ>ίδωρος,<ἰσ>ίδωρος
ἰσίδωρος,ἰσίδωρος
ἄσιος,ἄσιος
ἀσίας,ἄσιος
ἀσία,ἄσιος
σμυρναῖος,σμυρναῖος
σμυρναία,σμυρναῖος
σμυρναίου,σμυρναῖος
ἰσόψηφα,ἰσόψηφος
στῶ,ἵστημι
σοὶ,σύ
σοι,σύ
σου,σύ
σύ,σύ
σὲ,σύ
σοῦ,σύ
σὺν,σύν
συνέρως,συνέρως
ἥσυχος,ἥσυχος
ἐσφά,ἐσφά
ἐσφάγη,σφάζω
σωσᾶς,σωσᾶς
ταθίου,ταθίου
τάφος,τάφος
τάχος,τάχος
τάχει,τάχος
τε,τε
τησμ,τησμ
θείς,τίθημι
τικτομένη,τίκτω
τις,τις
του,τις
τίς,τις
τί,τίς
τίτθη,τίτθη
τίτος,τίτος
τνα,τνα
τοις,τοις
τόπος,τόπος
τος,τος
ἔτεσιν,ἔτος
ἔτους,ἔτος
τράλλεις,τράλλεις
τρηθηει,τρηθηει
τρος,τρος
τρύφων,τρυφάω
τύχη,τύχη
τω,τω
υ,υ
υτινι,υτινι
〚υτω〛,〚υτω〛
υφαμτ,υφαμτ
φάβιος,φάβιος
φαι,φαι
φακι,φακι
φερομένην,φερομένην
ἐφέσιος,ἐφέσιος
ὀφθαλμὸν,ὀφθαλμός
ὀφθαλμοὺς,ὀφθαλμός
ὀφθαλμῶν,ὀφθαλμός
ὀφθαλμῶι,ὀφθαλμός
ὀφθαλμός,ὀφθαλμός
ὁφθαλμούς,ὁφθαλμούς
ὀφθαρμί,ὀφθαρμί
ὀφθαρμίων,ὀφθαρμίων
φί,φί
ἄφες,ἀφίημι
φιλεῖνος,φιλεῖνος
φιλοῦσα,φιλέω
φιλῶ,φιλέω
φιλοῦσαν,φιλέω
φιλέω,φιλέω
φίλητος,φίλητος
φιλιππε,φιλιππε
φίλιππος,φίλιππος
φίλ’,φίλος
φιλόσοφος,φιλόσοφος
φιλω,φιλω
φοῦσκος,φοῦσκος
φουτουτρις,φουτουτρις
φέρεσσθαι<span,φέρεσσθαι<span
ἀφροδισίας,ἀφροδίσιος
χαῖρε,χαίρω
χαίρω,χαίρω
χαίροις,χαίρω
χαρίας,χαρίης
ἀχάριστον,ἀχάριστος
χαρίτων,χαριτόω
χις,χις
χρυσοῖ,χρυσόω
χρωτῶ<sup>ν</sup>,χρωτῶ<sup>ν</sup>
ψας,ψας
ὀψὲ,ὀψέ
ψεζηκ,ψεζηκ
ψλα,ψλα
ἔψυγμαι,ἔψυγμαι
ἔψυγμε,ἔψυγμε
ψωλή,ψωλή
ω,ω
ωδε,ωδε
ωδι,ωδι
ων,ων
