term,lemma
"ʾ",ʾ
"((%1000))",((%1000))
"(((:navis",(((:navis
"((centuria))",((centuria))
"((circulus fortasse rota))",((circulus fortasse rota))
"((denarium))",((denarium))
"((denarium?))",((denarium?))
"((denarius))",((denarius))
"((mille))",((mille))
"((quadrans))",((quadrans))
"((quinque centum))",((quinque centum))
"((s retrogradum))",((s retrogradum))
"((scripula?))",((scripula?))
"((semis))",((semis))
"((sestertii))",((sestertii))
"((sextans))",((sextans))
"((signa duo))",((signa duo))
"((signum incertum))",((signum incertum))
"((signum))",((signum))
"((uncia))",((uncia))
"(:cllerigenes?)",(:cllerigenes?)
"(accepit)",(accepit)
"(assibus)",(assibus)
"(de)t(ractis)",(de)t(ractis)
"(no)nas",(no)nas
"(or",(or
"(rationis)",(rationis)
"//ετειμηκττονπδρι////ξο///",//ετειμηκττονπδρι////ξο///
"/δφξβ",/δφξβ
"[ εὑ]ρὼν",[ εὑ]ρὼν
"`q´suino",`q´suino
"᾽επαφροδίτοϲ",᾽επαφροδίτοϲ
"<ad",<ad
"<ἀ>ριθμὸς",<ἀ>ριθμὸς
a,ab
abellanus,abellanus
abonius,abonius
absistit,absisto
absyrtus,Absyrtus
ac,ac
ac(ce)pi,ac(ce)pi
acanthus,acanthus
acastus,acastus
accepi,accepi
accepit,accepit
acceptum,acceptatio
accia,accia
accipe,accipe
acetabula,acetabulum
acutius,acute
acutus,acutus
acutum,acutus
ad,ad
adauctus,adaugeo
adiecta,adiectus
admiror,admiror
adsueta,adsuetus
assultatus,adsulto
aebuti,aebuti
aedes,aedes
aedificium,aedificium
aedilis,aedilis
aedituus,aedituus
aegle,aegle
aegrotes,aegrotare
aelius,aelius
aemilio,aemilius
aenea,Aeneas
aeneam,aeneus
aequae,aequatus
aequoribus,aequor
aestost,aestost
africana,africana
africano,africano
africanus,Africanus
agathemerus,Agathemerus
ager,ager
agnas,agna
age,ago
acti,ago
agit,ago
agrippa,agrippa
aeris,ait
aiunt,aiunt
albanius,albanius
albanus,Albanus
albinus,Albinus
alcestis,Alcestis
algemus,algeo
aliae,alia
alica,alica
aliis,aliquis
alisque,alisque
alis,alius
alleius,alleius
alter,alter
alterum,alter
alterae,alter
altera,altero
aluntius,aluntius
amabiliter,amabiliter
amantes,amans
ames,amanter
amare,amare
amator,amator
amata,amatus
amethyste,Amethyste
am,ami
amicus,amicus
amissos,amitto
ammonium,ammonium
amat,amo
amas,amo
amon,amon
amonius,amonius
amor,amor
ampelus,Ampelos
ampliatus,ampliatus
ampliandam,amplio
amv,amv
anaticulas,anaticula
anatolii,anatolii
anchario,anchario
ancillam,ancilla
and,andes
ana,androgynes
anedia,anedia
anicetia`ania´ne,anicetia`ania´ne
aniceti,anicetum
anicetum,Anicetum
anicete,anicetus
aniciae,Anicia
animalia,animal
animal,animalis
animum,animus
annius,Annius
anser,anser
ante,ante
anteros,anterior
anteriores,anterior
anthis,Anthis
anthus,anthus
antiochus,antiochus
antonius,antonius
antoni,Antonius
antus,antus
antymo,Antymus
anus,anus
apeleis,apeleis
apelles,apelles
apex,apex
aphrodite,aphrodite
aplustri,aplustre
apollinaris,Apollinaris
apollonia,Apollonia
approached,approached
apriculus,apriculus
apriles,apriles
aprilis,aprilis
apsyrtus,apsyrtus
aptus,aptus
aquis,aqua
aquas,aqua
aquaria,aquarium
aquiti,aquiti
arboris,arbor
arepo,arepo
aristo,aristo
arma,arma
armis,arma
armaturiis,armaturiis
armatum,armatus
armed,armed
armatus,armo
ara,aro
arrius,Arrius
arruntius,arruntius
artorius,Artorius
artus,artus
asas,asas
asbestus,asbestus
ascula,ascula
asellam,asella
asini,asinus
assis,assa
asseres,assero
asses,assiccare
assibus,assis
assem,asso
asse,assus
astragalus,astragalus
asti,astus
atavus,atauus
atellana,atellanus
ater,ater
atilius,atilius
atillius,atillius
atilo,atilo
atimetus,Atimetus
atinas,atinas
atque,atque
attacking,attacking
attice,Attice
attine,attineo
attium,attium
atτiκαις,atτiκαις
auctillus,Auctillus
auctus,auctus
aves,aueo
aug,aug
auget,augeo
augu,augu
augustalis,augustalis
augustiana,augustiana
augustas,augusto
augusti,augustus
aulum,aulos
auli,aulos
aulus,aulos
ave,auos
aurelius,aurelius
aut,aut
avis,auus
av,av
aviani,aviani
baculum,baculum
baculo,baculum
balai,balai
balbus,balbus
barbata,barbatus
barbati,barbatus
barnaee,barnaee
basim,basis
basis,basis
batacare,batacare
beliatus,beliatus
bellicus,bellicus
bellissimus,bellus
bellis,bellus
bellissimum,bellus
optime,bene
bene,bene
beronice,Beronice
bibe,bibo
bibere,bibo
biberes,bibo
binas,bino
binet,bino
bis,bis
blastus,blastus
bn,bn
boats,boats
lis,bolus
bonum,bonum
bono,bonus
bonus,bonus
boni,bonus
bracchiorum,bracchium
branc,branc
branch,branch
brevi,breuis
broc,broc
brut(t)idi,brut(t)idi
bruttidi,bruttidi
bucolus,bucolus
burrenio,burrenio
burrus,burrus
by,by
bλ,bλ
"ɔ",ɔ
c((signum))oeivs,c((signum))oeivs
cacavit,caco
cacanti,caco
cadia,cadium
cecidisse,cado
caduceus,caduceum
caecilius,caecilius
caelator,caelator
caelo,caelo
caerulus,caerulus
caesaris,Caesar
caesareo,caesareus
caesia,caesius
caesi,caesius
caes,caesum
caetronius,Caetronius
cai,cai
caii,caio
caius,Caius
calchimi,calchimi
calidius,calidus
callidrome,callidrome
callìdrome,callìdrome
callistus,Callistus
cala,calo
calos,calos
camella,camella
camelus,camelus
campano,campanus
canis,canaba
candelabra,candelabrum
cane,canes
caniu,caniu
cano non,cano non
canticuere,canticuere
canus,canus
capella,capella
caphiso,caphiso
captus,capio
capite,capio
capitoni,capito
capita,capitum
capitis,capud
caput,caput
caramilus,caramilus
careius,Careius
carina,carina
carm,carm
carminibus,carmen
carnem,caro
carpens,carpo
carus,carus
caselicius,caselicius
casellio,casellio
casellius,casellius
caseum,caseum
casium,casium
cassacos,cassacos
castalo,castalo
castor,castor
castrensis,castrens
castris,castrum
caste,castus
castus,castus
casulae,casula
catedra,catedra
cauda,cauda
cave,caueo
caves,cauo
caupo,caupo
causas,causo
causa,causo
ccassa,ccassa
ceacli,ceacli
ceio,ceio
celadus,celadus
celesius,celesius
centonem,cento
centum,centum
centum sex,centum sex
centuria,centuria
centurio,centurio
cereales,cerealis
cerialis,cerialis
cerrinus,cerrinus
certamen,certamen
cervi,ceruos
cervum,ceruus
cervus,ceruus
charca,charca
chie,Chius
chl,chl
chloe,Chloe
choreis,chorea
chreste,chreste
chrestum,chreston
ciconiae,ciconia
cigrotue,cigrotue
cilix,cilix
cima,cima
cinaede,cinaedus
cinaedus,cinaedus
cinnamus,Cinnamus
circius,circius
circles,circles
circle,circlus
circe,circos
circularis,circulo
circuli,circulum
circulos,circulus
circulus,circulus
circulum,circulus
cito,citus
ciλ,ciλ
clappo,clappo
claudius,claudus
clavos,clauus
clemen,clemen
clementis,Clemens
clemens,Clemens
clim,clim
clipeus,clipeus
clleri,clleri
clodius,clodus
co(n)s(ul),co(n)s(ul)
co(n)s(ulibus),co(n)s(ulibus)
coelius,coelius
cohortis,cohors
col((denarius)),col((denarius))
coliatius,coliatius
colono,colonus
columnis,columna
columnae,columna
comedant,comedant
comib,comib
comici,comicus
cominiaes,cominiaes
cominius,cominius
commeatum,commeatus
commiseresce,commiseresco
commiseretur,commiseret
communis,commune
communi,commune
communem,communis
comnis,comnis
comatus,como
compass-drawn,compass-drawn
comperendinaverunt,comperendino
com,compos
con,con
concessus,concessus
conclave,conclaue
concordes,concordis
condiscens,condisco
condere,condo
confirmas,confirmo
confregisti,confringo
conglacio,conglacio
coniuges,coniunx
considerate,considerate
consistunt,consisto
consul,consul
consulibus,consul
consulto,consulo
consumpserunt,consum
containing,containing
contemnendo,contemno
conticuere,conticisco
conticu,conticuum
continens,continens
contiquere,contiquere
contìquere,contìquere
contra,contra
contus,contus
conveniunt,conuenio
conversi,conuersus
conversus,conuersus
conversum,conuerto
coponiaes,coponiaes
cor,cor
corde,cordus
corinthus,corinthus
cornelius,cornelius
cornibus,cornu
cornuto,cornutus
corona,corona
corpora,corpus
corusticus,corusticus
corvenius,corvenius
corydon,corydon
cosmus,cosmos
costas,costa
co,coum
crescens,cresco
cressa,cresso
crista,crista
cristata,cristatus
crocale,crocale
cruppac,cruppac
crusali,crusali
crux,crux
cubicularius,cubicularius
cubiculum,cubiculum
cui,cui
cuius,cuius
cum,cum
cumis,cumis
cunctorum,cunctus
cunei,cuneus
cunnum,cunnus
cuntus,cuntus
cupidi,cupidus
cupimus,cupio
cuproniusepol,cuproniusepol
cur,cur
curatores,curator
curia,curiatus
curiosus,curiosus
curat,curo
currens,currens
curva,curuum
curvae,curuus
cusini,cusini
cxxxiλλ,cxxxiλλ
cyli,cylon
cypare,Cyparis
cythera,cythera
cτρατονικοc,Cτρατονικοc
d,d
d((:navis)),d((:navis))
damoeta,damoeta
daphnicus,daphnicus
daphnus,Daphnus
dasius,dasius
dat,datio
david,David
de,de
dea,dea
deae,deae
debere,debeo
debes,debeo
debilitare,debilito
debita,debitum
december,december
decembres,decembres
decimus,decimus
decimius,decimus
decus,decus
deduxistis,deduco
deduxit,deduco
deer,deer
dem,deiero
da,deiero
detur,deiero
dederit,deiero
dare,deiero
daretis,deiero
deinde,deinde
deìnde,deìnde
deius,deius
deliciae,deliciae
delineata,delineo
denarius,denarius
dentibus,dens
dequi,dequi
detractis,detraho
dex,dex
dext,dext
dexter,dexter
dexteram>,dexteram>
dextro,dextrum
di,di
dic,dic
dignum,dignum
dii,dii
dimicantes,dimico
dina,dinus
diogenes,diogenes
directus,directus
directae,directus
diem,dissertio
diu,diu
diversae,diuerto
divam,divam
docens,doceo
docendi,doceo
dolet,dolo
dom,dom
domi,domi
domì,domì
dominae,domina
domina,domina
dominae:,dominae:
domino,domino
domus,domus
door,door
dorcas,dorcas
dos,dosis
dromedarius,dromedarius
dua,dua
duae,duae
duas,duas
duo,duo
duobus,duobus
duorum,duorum
duos,duos
duovir,duouir
duplex,duplex
duplices,duplico
ea,ea
echio,Echio
ego,ego
eidus,eidus
elencia,elencia
elephantus,elephantus
eleusinae,eleusinus
emis,emo
emptus,emptus
ibat,eo
ire,eo
ita,eo
eos,eos
epagathus,Epagathus
epaphra,epaphra
epaphroditum,Epaphroditum
epaphrodite,epaphroditus
epicurus,Epicurus
epidius,Epidius
equales,equales
eques,eques
equi,equio
equitans,equito
equitat,equito
equo,equus
equus,equus
er,er
erectus,erectus
erga,erga
erma,erma
erminuca,erminuca
erotica,eroticus
errant,erro
essetis,essetis
et,et
eterate,eterate
etoen,etoen
etsi,etsi
eu,eu
eucapa,eucapa
euche,euche
eueno,euenos
euhodus,Euhodus
eum,eum
euma,euma
eunomus,eunomus
euplia,Euplia
evanthus,Evanthus
ex,ex
e,ex
exempta,exemptus
exegerunt,exigo
extersi,extergo
externa,externus
extabant,exto
extremum,extremus
f,f
fabia,Fabia
fabiis,fabiis
fabio,Fabius
facias,facia
facia]m,facia]m
facies,facies
facilis,facilis
fac,facio
faciatis,facio
faciant,facio
fadius,fadius
falcem,falx
familia,familia
fasciis,fascinum
fascis,fascis
fatuus,fatuus
faustillam,Faustillam
faustin`u´m,faustin`u´m
faustio,Faustio
fausti,faustus
fausto,faustus
faustus,Faustus
favstvs,Faustus
fausta,Faustus
faventinus,faventinus
februarias,februarius
fecit,fecit
felicio,felicio
felicioni,felicioni
feliciter,felicito
feliculam,Feliculam
felicula,feliculus
feliculae,feliculus
feles,felis
felicia,felix
felices,felix
felix,felix
fellatrix,fellatrix
fellas,fello
fellat,fello
feminae,femina
feret,fero
ferreas,ferrea
ferro,ferreus
fidenter,fidenter
fieri hora,fieri hora
figura,figura
figurae,figura
figure,figure
figures,figuro
filia,filia
filii,filius
filius,filius
fit,fio
firmus,firmus
flammam,flamma
flanked,flanked
flavi,flauus
flavia,flavia
floresque,floresque
floronius,Floronius
florus,florus
flos,flos
florem,flos
flower,flower
flowers,flowers
foliatus,foliatus
folium,folium
forma,formo
formonsiorem,formonsus
formae,formus
foras,foro
fortasse,fortasse
fortis,fortis
fortunata,Fortunata
fortunate,fortunatus
fortunatus,fortunatus
fortun(a)tus,Fortunatus
fortuna,fortuno
fora,forum
frangere,frango
fratre,frater
frons,frons
front,front
frontone,fronto
fronto,Fronto
fructus,Fructus
fu`tu´ere,fu`tu´ere
fuat,fuat
fuficia,Fuficia
fugiens,fugiens
fullones ululamque,fullones ululamque
fulvius,Fuluius
fuminaria,fuminaria
fundat,fundito
fuscina,fuscina
fuscina;,fuscina;
fusci,Fuscus
fustibus,fustis
fuste,fustis
futuìt,futuìt
futuere,futuo
futuis,futuo
futui,futuo
futuerunt,futuo
futuit,futuo
futuimus,futuo
futues,futuo
future,futurus
fututor,fututor
fututa,fututus
galea,galea
galeatus,galeatus
galeata,galeo
galeatum,galeo
galeati,galeo
galeis,galeos
galerii,galerii
gallus,gallus
gavi,gavi
geganius,Geganius
gemmario,gemmarius
gemma,gemmo
geneis,geneis
genialis,genialis
genius,genius
germanus,germanus
gerens,gero
geryones,geryones
gl,gl
glaber,glaber
gladiatorum,gladiator
gladiatores,gladiator
gladiatoris,gladiator
gladiator,gladiator
gladiatoreum,gladiatoreum
gladiatoria,gladiatorius
gladiators,gladiators
gladioque,gladioque
gladio,gladium
gladius,gladius
glagus,glagus
glaucus,glaucus
gloriae,gloria
graios,graios
gryllus,gryllus
gs²m,gs²m
gubernaculo,gubernaculum
gubernaculis,gubernaculum
gubernatore)),gubernatore))
gutos,gutos
habere,habeo
habeas,habeo
haberent,habeo
habeat,habeo
habet,habeo
habes,habeo
habenda,habeo
habitarunt,habitarunt
habitaverunt,habito
habitamus,habito
habitat,habito
hac,hac
haec,haec
haenas,haenas
hamas,hamo
hamulam,hamula
hasta,hasta
have,haueo
he,he
head,head
hectic,hectic
hederae,hedera
helene,helene
heleni,helenium
heleusinae,heleusinae
helmet,helmet
helpis,helpis
hercolanius,hercolanius
herculanenses,herculanenses
herculani,herculani
herculis,herculis
heredae,heredae
heribus,heribus
herma,herma
hermerotem,Hermeros
hermeros,Hermeros
hermes,hermes
hermia,hermia
hermulus,hermulus
eros,herus
ere,herus
hic,hic
hilare,hilare
hilarus,hilarus
hilari,hilarus
hinc,hinc
hirrius,hirrius
hispanus,hispanus
hoc,hoc
holconi,Holconi
homo,homo
homini,homo
hominis,homo
hominum,homo
hominem,homo
homines,homo
homulo,homulo
honoris,honorificus
hoplomachus,hoplomachus
horns,horns
hortensi,Hortensius
hortus,hortus
hostius,Hostius
house,house
huc,huc
humi,humatio
hus,hus
hyacinthus,Hyacinthus
hyginus,Hyginus
hymnus,hymnus
hʾys¹,hʾys¹
"ì",ì
iaculo,iaculor
ianua,ianua
ianuari,ianuari
ianuariaes,Ianuaria
ianuarìae,Ianuaria
ianuariae,Ianuaria
ianuaria,Ianuaria
ianuarias,Ianuarius
ianuarius,Ianuarius
iar,iar
iarinus,Iarinus
ias,ias
"ìas",ìas
ibi,ibi
icarus,Icarus
ikarus,Icarus
icare,Icarus
icui,icui
idibus,idibus
idus,idus
ignem,ignis
i̅i̅i̅i̅,i̅i̅i̅i̅
ilia,ilia
illa,ille
illum,ille
illius,ille
illi,illi
imagine,imago
imperatoris,imperator
imposita,impono
in,in
ìn,ìn
inaures,inaures
incalavit,incalo
incedens,incedo
incendia,incendium
incendunt,incendo
Place,Indexing Key
Name,Indexing Key
induta,induo
induti,indutus
indutus,indutus
infelicia,infelix
infrenatus,infreno
ingentia,ingens
ingenuus,ingenuus
innectebis,innectebis
inops,inops
inquid,inquid
instructa,instructus
instrumentum,instrumentum
instructae,instruo
inter,inter
interrogamus,interrogo
interscissae,interscindo
intersectae,interseco
intersecta,intersectus
invicta,inuicto
invidiose,inuidiosus
"ìnvicta",ìnvicta
ia,ion
ionicus,ionicus
ipsa,ipse
ipsime,ipsimus
iri,iri
iridem,iridem
irrius,irrius
irrumat,irrumo
is,is
isidoru,isidoru
issa,issus
istuc,istuc
iterum,iterum
iucundissime,iucundus
iudices,iudex
iuliam,Iulia
iulias,Iulias
iulis,iulis
iuliae,iulius
iulius,Iulius
iuli,Iulius
iulium,Iulius
iuni,iuni
iuniae,iunius
iunius,Iunius
iures,iuro
ius,ius
iusto,iustus
iutto,iutto
iuvenalium,iuuenalia
iuvenis,iuuenis
iuvari,iuuo
k,k
kalendas,kalendas
kalendis,kalendis
kalends,kalends
kz,kz
l,l
labori,labor
labrum,labrum
labyrinth,labyrinthum
labyrinthus,labyrinthus
lacaenae,lacaenae
lacene,lacene
lacrumae,lacruma
lagoenas,lagoena
lali,lali
lalius,Lalius
lanternae,lanterna
laqueo,laqueum
lardi,lardum
largificatis,largifico
lasius,lasius
latinus,latinus
laviniam,Laviniam
left,left
legionis,legio
leges,lego
legit,lego
lentulo,lentulus
leo,leo
les,leo
leon,leo
leontine,leontine
lepidi,lepis
liberalis,liberalis
liberta,liberto
liberti,libertus
librari,librarium
liceat,liceo
licintus,licintus
licinius,licinus
ligaria,ligaria
ligas,ligo
like,like
lineis,linea
linea,lineola
lineae,lineus
lingit,lingo
lingere,lingo
lingis,lingo
lina,linum
livius,livius
loco,loco
locare,loco
locum,locum
locus,locus
locus est rufinae,locus est rufinae
lodicem,lodix
lolli,lolli
lollianus,Lollianus
lollius,Lollius
long,long
longinus,Longinus
longo,longiusculus
longoque,longoque
longis,longus
lucanica,lucanicus
luccei,luccei
lucciae,lucciae
lucernam,lucerna
lucianus,lucianus
lucidae,lucidus
lucio,lucifugus
lucius,lucifugus
lucilius,Lucilius
lucium,lucius
lucii,Lucius
luci,Lucius
lucreti,Lucreti
lucrio,Lucrius
lucubratorium,lucubratorius
luculentissime,luculentus
lucumo,lucumo
ludi,ludi
lusit,ludo
lumbos,lumbus
luminum,lumen
lusor,lusor
luterem,luter
lux,luxum
l̅v̅,l̅v̅
m,m
ma,ma
macer,macer
mae,mae
magistri,magister
magister,magister
magis,magnificenter
magnum,magnum
magna,magnus
magni,magnus
magnus,magnus
magno,magnus
magonius,magonius
maias,maia
maior,maior
malo,male
maledixi,maledico
malianus,malianus
malis,malis
maloque,maloque
malum,malum
malus,malus
mammium,mammium
man's,man's
mandatus,mandatus
mansi,mando
manilius,manilius
manio,manio
mansit,mansit
mansueta,mansuesco
mansuetus,mansuetus
manius,manus
manus,manus
marca,Marca
marcello,Marcellus
marcili,marcili
marcius,Marcius
marcum,marcus
marco,Marcus
marcus,Marcus
marci,Marcus
mar,mare
marim,marim
marmorem,marmoro
mars,mars
martis,martes
martialis,martialis
martias,martias
mari,masculinus
mare,masculinus
matris,mater
matri,mater
matrona,matrona
max,max
maximum,maximus
mazgaba,mazgaba
me,me
mebi,mebi
medicus,medicatus
medicavit,medico
medio,medio
medusae,medusae
mei,mei
meis,mei
meientem,meientem
melisse,melisse
meminit,memini
memmius,memmius
memor,memoris
men,men
menander,menander
menedemerumenus,menedemerumenus
mente,mens
mentulam,mentula
mercedem,merces
merces,merco
mercurius,mercurius
messalla,messalla
messenius,messenius
messio,messio
messìo,messìo
methe,methe
meam,meus
mea,meus
meae,meus
mi,mi
micciociocio,micciociocio
miccìocìocìo,miccìocìocìo
miccionis,miccionis
mihi,mihi
miles,miles
militibus,miles
mille,mille
mimus,mimus
minimum,minimum
ministrum,minister
minor,minus
minus,minus
miscella,miscellus
miserus,miser
missus,missus
mita,mitificus
misit,mitto
mmmmus,mmmmus
mnester,mnester
moderatus,moderatus
modesto,modestus
modestus,Modestus
modesti,Modestus
modo,modo
modum,modus
moeɔcia,moeɔcia
mol,molitor
monit,monitum
montani,montanus
mopsus,Mopsus
moribus,mores
moritur,morior
morieris,morior
mortis,mors
mortuus,mortuus
mucius,mucius
mul,mul
mula,Mula
mulam,Mula
mulierum,mulier
mulieris,mulier
mulieri,mulier
mulierarianus,mulierarianus
mulieres,muliero
multis,multa
multas,multa
multo,multo
mulvi,mulvi
mulviu,mulviu
munus,munus
muner,munus
murmillo,murmillo
muro,murus
mur,mus
mus,Mus
musae,musa
muscario,muscarius
musicus,musicus
mutavit,mutito
myrine,Myrine
myrtale,myrtale
myrtis,myrtus
mysine,mysine
mystagogus,mystagogus
mystagogus μυσταγωγός,mystagogus μυσταγωγός
mystes,mystes
mystice,Mysticus
nais,nais
nam,nam
narcissus,narcissus
nasone,nasone
nasso,nasso
nasum,nasum
nata,nata
natandus,natandus
nate,natus
nave,naue
naviculae,nauicula
navium,nauis
navis,nauis
naves,nauis
nauplius,Nauplius
navaspa,navaspa
ne,ne
nec,nec
negatis,nego
nempius,nempius
decimi,nepotulus
neptunalis,neptunalis
neptunus,neptunus
neptvnus,neptvnus
neque,neque
nequam,nequior
neronianus,neronianus
nas,nes
nescit,nescio
nescire,nescio
ni,ni
ní,ní
nica,nica
nicanor,Nicanor
nicedius,nicedius
nicephor,nicephor
nice,nico
nicopolis,Nicopolis
nigro,nigrum
nihil,nihil
nisi,nisi
nixus,nixus
"ʾnʿm",ʾnʿm
nn,nn
nat,no
noctibus,noctus
noeto,Noeto
nolae,nolae
nolanus,nolanus
noli,noli
nomen,nomen
nomine,nomine
nomina,nomino
non,non
nonis,nona
nonaginta,nonaginta
nonaginta novem,nonaginta novem
nonio,nonio
noniu,noniu
nonnius,nonne
nonas,nonus
nonius,nonus
nos,nos
novimus,nosco
noster,noster
nostros,noster
nothvs,nothus
nothus,nothus
notatum,noto
novem,nouo
novembres,novembres
novembris,novembris
novisti,novisti
nox,nox
nucherinis,Nucherinis
nuelas,nuelas
num,num
numina,numen
numini,numen
numerium,numerius
numero,numerus
numerus,numerus
numeri,numerus
numisii,numisii
nummulario,nummularius
nunc,nunc
nus,nus
nuces,nux
ny,ny
o,o
ob,ob
oblongus,oblongus
ocea,ocea
oceanus,oceanus
oceano,oceanus
ocreis,ocrea
ocreisque,ocreisque
octavus,octauus
oc,octoginta
oculi,oculus
oe,oe
of,of
ofellas,ofella
oleum,oleum
olithus,olithus
olor,olo
omnibus,omnia
omnes,omnis
omr,omr
on,on
oneraria,onerarius
onesimus,Onesimus
one,onos
onustus,onustus
opera,opera
oppi,oppi
oppositae,oppono
opscultat,opscultat
optat,optatum
optatus,opto
opus,opus
or γ,or γ
orbiculis,orbiculus
ordinis,ordo
ornamentae,ornamentae
ornamenta,ornamentum
ornatus,ornatus
oro,oro
oro vos faciatis,oro vos faciatis
ore,os
or,os
os,os
other,other
ovas,ouo
ovius,ovius
pacatus,paco
pedicat,paedico
paenulam,paenula
paeoniam,paeonia
paganis,paganum
palliolo,palliolum
palliolum,palliolum
palm,palm
palmae,palma
palmis,palma
palmam,palma
palo,palum
pan,panis
panem,panis
pane,panis
panta,panta
papiri,papiri
paridi,paridi
paries,paries
paria,pario
paris,Paris
parma,parma
palma,parma
pars,pars
partim,pars
parte,partiarius
participantur,participo
parvum,paruum
parva,paruus
pascela,pascela
pastores,pastor
patri,pater
pathicus,pathicus
paucae,paucus
pauper,pauper
pectus,pectus
pedicavero,pedico
pedicarem,pedico
pedicatur,pedico
pedico,pedico
pedicare,pedico
pedica,pedicus
pedes,pedo
pelias,pelios
pelvis,peluis
peram,pera
pereat,pereat
periit,pereo
perhaps,perhaps
persequitur,persequor
persi,persi
persuavissime,persuavissime
pertundere,pertundo
pedibus,pes
petasatus,petasatus
petecusanis,Petecusanis
petilius,petilus
petit,petitum
petat,peto
petronius,petronius
phallus,phallus
phallum,phallus
phalli,phallus
philetero,philetero
phoebi,phoebi
phoebì,Phoebus
phoebus,Phoebus
phosphorus,phosphorus
phryges,phryges
phyl,phyl
phyllis,phyllon
pier,pier
piero,piero
pierus,Pierus
pietas,pietas
pileatus,pileatus
piscis,piscis
pisces,piscis
pisu,pisu
pitamnus,pitamnus
pithia,pithias
pittacius,pittacius
placidus,placidus
planì,planì
plani,planus
plataco,plataco
pleia,pleius
plotillae,plotillae
plotium,plotium
pointing,pointing
polo,polus
polycarpus,polycarpus
pompeiana,pompeiana
pompeianis,pompeianis
pompeiano,pompeiano
pompeianus,pompeianus
pompeiis,pompeiis
pompeis,Pompeis
pomponi,pomponi
pomponí,pomponí
pomponius,pomponius
pomλ,pomλ
pondo,pondo
positas,pono
ponis,pono
ponam,pono
popidi,popidi
popidii,popidii
popillius,Popillius
popius,Popius
poppaeae,poppaeae
poppai,poppai
porcinam,porcinus
porcius,Porcius
porro,porrum
portam,porta
possem,possem
possim,possim
potest,possum
possunt,possum
posteru,posteru
postquam,postquam
postridie,postridie
postulat,postulatum
postumio,postumio
postumius,Postumus
postumi,Postumus
praebuit,praebeo
praeditus,praeditus
praefecto,praefectus
praesens,praesens
praeterit,praeteritum
praetorianae,praetorianus
pranderunt,prandeo
pravissimus,prauus
presenos,presenos
pretium,pretium
pri,pri
pridie,pridie
prìmigeniae,Primigenia
primigenia,Primigenia
primigeniae,primigenius
primigenio,Primigenius
primuis,primuis
prima,primus
primae,primus
priscus,priscus
prius,prius
pro,pro
procame,Procame
procul,procul
proculi,proculio
procule,proculus
proculum,proculus
proculus,Proculus
proculo,Proculus
procumbens,procumbo
procurator,procurator
circino,proiecticius
propero,propero
propesi,propesi
propitia,propitio
prora,prora
prosequens,prosequor
prospera,prosper
prospiciens,prospicio
providentes,prouidens
provocatores,prouocator
provocator,prouocator
prurit,prurio
psittaci,psittacus
psyche,psyche
publi,publi
publicae,publica
publius,Publius
pudor,pudor
puellas,puella
puellarum,puella
puellis,puellus
puer,puer
pugiles,pugilo
pugnantes,pugno
pugnabit,pugno
pupa,pupa
purmentarium,purmentarium
puteolani,puteolani
puteolanis,Puteolanis
puteolis,Puteoli
puteolos,Puteolos
pvnico,pvnico
pyramus,pyramus
pyrrichus,pyrrichus
q,q
qua,qua
quacumque,quacumque
quadrum,quadriiugus
quadratum,quadro
quadratus,quadro
quadrupes,quadrupes
quadruped,quadrupes
quadrua,quadruus
quae,quae
quaere,quaero
quaesivi,quaesivi
quaestor,quaestor
quam,quam
quant,quantum
quare,quare
quartilla,Quartilla
quartio,quartio
quartu,quartu
quas,quas
quasi,quasi
quati,quatio
quatit,quatio
quattuor,quattuor
que,que
quem,quem
quendam,quendam
qui,qui
quia,quia
quibus,quibus
quicti,quicti
quicumque,quicumque
quid,quid
quidam,quidam
quidem,quidem
quintus,quin
quinque,quinque
quintilius,quintilius
quintinus,quintinus
quinto,quintus
quinti,quintus
quintum,quintus
quis,quis
quisquis,quisquis
quo,quo
quod,quod
quorum,quor
quorumc,quorumc
quos,quos
quota,quotus
quovis,quouis
ramo,ramus
rare,rarus
rationem,ratio
rationis,ratio
duxerunt,reconduco
res,reconligo
recte,recte
rectus,rectus
redibis,redeo
redire,redeo
redii,redii
reus,redulcero
regu,regu
regulo,regulo
rite,reiicio
remisque,remisque
remmius,remmius
remis,remus
renibus,ren
rei,repexus
restinguere,restinguo
restitvtvs,restitutus
restituta,restitutus
ro,resupino
retiarius,retiarius
rete,retis
ramus,retrocedo
reg,rex
right,right
rivalis,riuales
rogat,rogatum
rogamus,rogo
rogavit,rogo
roma,roma
romanus,romanus
romulus,Romulus
rostro,rostrum
rotas,roto
rotundi,rotundus
rotundus,rotundus
rru,rru
rubenses,rubenses
rub,rubus
rudibus,rudis
rudentibus,rudo
rufina,rufina
rufinae,rufinae
rufini,Rufinus
rufula,Rufula
rufa,rufus
rufi,Rufus
rufus,Rufus
ruina,ruina
ruinis,ruina
rum,rumis
rumperis,rumpo
rusatia,rusatia
rusiunnae,rusiunnae
russa,russeus
rusticus,rusticus
rustio,rustio
s,s
s¹lm,s¹lm
s²ms¹rm,s²ms¹rm
sabidia,sabidia
sabina,Sabina
sabine,sabine
sabinus,Sabinus
sac,sac
sacaba,sacaba
sacculum,sacculus
sacenio,sacenio
sacomata,sacoma
sagatus,sagatus
salarius,salarius
salinensi,salinensi
salve,salueo
salvia,saluia
salvum,saluos
salute,salute
salutem?),salutem?)
salutem,saluto
samatissa,samatissa
samnes,samnes
sapiet,sapio
sarnensis,sarnensis
sarnus,sarnus
factum,satisfacio
sator,sato
satur,satur
saturninae,Saturninae
saturninus,Saturninus
satura,saturo
sauf,sauf
sautrane,sautrane
sav,sav
sava,sava
savfei,savfei
saxo,saxum
scaena,scaena
scalis,scala
scalae,scalae
scapheola,scapheola
scarabei,scarabeus
scaudi,scaudi
scaudì,scaudì
scava,scava
scepsidi,scepsidi
scierunt,scierunt
scis,scio
scito,scite
scio,scius
scordopordonicus,scordopordonicus
scribit,scribo
scripsi,scribo
scripta,scribo
scripsit,scribo
scriptum,scriptio
scriptor,scripto
scriptorum,scriptus
scutularius,scutularius
scutis,scutum
scuti,scutum
scuto,scutum
scutum,scutum
scyphus,scyphus
se,se
seciolo,seciolo
sectari,sector
secun,secun
secundus,secundus
securis,securis
secutor,secutor
sed,sed
sedulatus,sedulatus
seems,seems
sella,sella
semis,semis
semper,semper
semproni,Sempronius
senatus,senatus
senos,senex
sentius,sentus
septem,septem
septembres,septembres
septembris,septembris
septentrio,septentrio
septumius,Septumius
sequanus,sequanus
sequere,sequor
ser,serum
servabo,seruo
servus,seruos
servilius,servilius
severus,seuerus
severi,seuerus
sex,sex
sextius,sextius
sexto,sexto
sextus,sextus
shape,shape
shb,shb
shield,shield
si,si
sic,sic
sica,sica
sicaque,sicaque
siccia,siccia
siculis,sicula
siculus,siculus
silentiolus,Silentiolus
siloni,silo
silvestrum,siluester
simplices,simplex
simplex,simplex
simul,simulatque
sindium,sindium
singula,singula
singulos,singulus
sinistram,sinistra
sine,sino
sin,sinum
siqua,siqua
siquis,siquis
sisininus,Sisininus
sitiens,sitio
sitio,sitio
sittius,sittius
situs,situs
socios,socius
socius,socius
socio,socius
sodalis,sodalis
sodales,sodalis
soli,sol
soles,soleo
sollemne,sollemne
sollemnes,sollemnis
solus,solus
spaerus,Spaerus
spartitundiolo,spartitundiolo
spear,spear
spectans,spectans
spedio,spedio
spem,spes
spes,spes
spleia,spleia
stabuli,stabulum
stamen,stamen
stans,stans
statilio,statilio
stationem,statio
statum,status
statius,status
stella,stella
stellae,stella
stellio,stellio
stercora,stercus
stheneli,stheneli
stati,sto
stratonicus,Stratonicus
stratus,stratus
strig(i)les,strig(i)les
strigiles,strigilis
sturnus,sturnus
suarium,suarium
suavis,suauis
sub,sub
suae,subcrispus
suis,subflauus
suum,subiunctiuus
subligaculo,subligaculum
successus,succedo
successa,successus
succurre,succurro
suellius,Suellius
sit,sum
erat,sum
erit,sum
fuit,sum
fuimus,sum
fuerunt,sum
es,sum
esse,sum
erunt,sum
sunt,sum
est,sum
sumus,sum
sint,sum
summa,summus
summus,summus
sumit,sumo
suam,suo
superis,super
superba,superbus
superior,superior
supra,supra
surrentinas,surrentinas
surus,surus
suri,surus
ses,sus
sua,susceptum
sustineas,sustineo
sutores,sutor
symmachus,Symmachus
symphorus,Symphorus
syneros,Syneros
synethus,Synethus
syntrophus,syntrophus
syra,syron
syrus,Syrus
t,t
t(h)raso,t(h)raso
tabificantque,tabificantque
tabulas,tabulo
taedia,taedio
taeduisti,taeduisti
tamen,tamen
tangere,tango
tanto,tantus
tarde,tarde
tatius,tatius
taurus,taurus
tbt,tbt
te,te
telesius,telesius
tempus,tempus
tenens,teneo
tenet,teneo
tenentis,teneo
tenerum,tener
tene,tenere
tertiani,tertianus
tertio,Tertius
testifico,testificor
textor,textor
the,the
theloate,theloate
theorus,theorus
thiophilus,thiophilus
thorax,thorax
thraex,thraex
thraso,thraso
thymatula,thymatula
thymele,thymele
thymiaterion,thymiaterion
tiber,tiber
tiberius,tiberius
ti,Tiberius
tibi,tibi
tiburtinus,tiburtinus
timinia,Timinia
tironis,Tiro
tìtì,tìtì
titinius,Titinius
tito,tito
titus,Titus
titi,Titus
titius,tius
tm,tm
togati,togatus
tomi,tomus
tonsor,tonsor
tonsori,tonsorium
totus,totus
tot,totus
towards,towards
traces,traces
tractatus,tractatus
tractus,tractus
tradere,trado
tracti,traho
trama,trama
trans,trans
trium,tres
tria,tres
tres,tres
trident,tridens
tridens,tridens
tridente,tridens
trident;,trident;
trifolio,trifolio
trimembres,trimembris
triquinias,triquinias
trofime,trofime
tropaion,tropaion
trophaeum,trophaeum
tros,tros
tu,tu
tum,tum
tum?,tum?
tunica,tunico
tuque,tuque
turba probavit,turba probavit
turma,turma
turnum,turnum
turnus,turnus
turris,turris
turuda,turuda
tuis,tus
tutari,tuto
to,tuus
tuo,tuus
tuas,tuus
two,two
tyaniano,tyaniano
tychen,tychen
tύχη,Tύχη
u,u
vade,uado
vale,uale
valens,ualens
valeri,ualeo
valeant,ualeo
valeat,ualeo
valete,ualeo
valentis,ualeo
valeas,ualeo
valeamus,ualeo
variae,uarius
varium,uarius
variis,uarius
vasa,uasa
vasculum,uasculum
ub(ique,ub(ique
ubique,ubique
vecors,uecors
vectat,uecto
vectoribus,uector
vehens,ueho
vela,uela
vel,uelum
venatio,uenatio
venatores,uenator
venerandus,ueneror
veniam,uenia
venimus,uenio
venio,uenio
venis,uenio
veniat,uenio
venientis,uenio
veneris,uenor
veni,uenum
ven,uenum
veneri,uenus
venerem,uenus
verba,uerbum
verna,uerno
verpa,uerpus
versum,uersum
versus,uersus
ver,uerum
vera,uerum
verus,uerus
vestris,uester
vestimentis,uestimentum
veteri,ueter
vexillum,uexillum
ugoni,ugoni
vicini,uicinus
victor,uictor
victoria,uictoria
victoriae,uictoria
victrix,uictrix
vico,uicus
vidimus,uideo
vidisti,uideo
videtur,uideor
viginti,uiginti
vicit,uinco
vinum,uinus
viator,uio
viri,uir
virtutis,uirtus
viro,uirus
vir,uirus
virum,uirus
vitae,uita
vitalis,uitalis
vit,uitis
vivant,uiuo
vivere,uiuo
ulixi,ulixi
ultas,ultus
umbricia,umbricia
umeris,umeo
umeri,umerus
uncus,uncus
uncum,uncus
unguentarius,unguentarius
unguibus,unguis
unum,unus
unus,unus
unam,unus
una,unusquisque
voco,uoco
vocas,uoco
velim,uolo
vis,uolo
volo,uolo
vole,uolo
velis,uolo
voluit,uolo
vota,uotum
votum,uoueo
upright,upright
urbani,urbanus
urbanus,urbanus
urbane,urbanus
urceolos,urceolus
ursi,urgueo
urosacula,urosacula
urso,urso
ursos,ursos
ursus,ursus
us,us
usque,usque
usuram,usura
usura,usura
ut,ut
utica,utica
uti,utor
utreis,utreis
utrisque,utrisque
vulneratum,uulneratus
uxor,uxor
va,va
vadavo,vadavo
valentina,Valentina
valentinae,valentinae
valer,valer
valerius,valerius
vasileus,vasileus
vcq,vcq
vectiga,vectiga
veneriam,veneriam
venì,venì
venivit,venivit
venus,Venus
venusta,Venustus
verginiam,Verginiam
vernionis,vernionis
vervicius,vervicius
vesbine,vesbine
vesbinus,vesbinus
vesuvius,vesuvius
vetat,vetat
vetio,vetio
vettius,vettius
vi,vi
vibidi,vibidi
vicccm,vicccm
vìco,vìco
vìctoria,vìctoria
victorie,victorie
vim,vim
vinicius,Vinicius
virilio,virilio
viriod,viriod
viriotal,viriotal
virumque,virumque
vitalio,Vitalio
vivanius,Vivanius
vix,vix
viλianio,viλianio
voconius,Voconius
vol,vol
voltini,voltini
voltinia,Voltinia
voluìt,voluìt
volumnius,volumnius
vos,vos
votroni,Votronius
w,w
who,who
whose,whose
with,with
words,words
written,written
xvi((semis)),xvi((semis))
xviiiì,xviiiì
zephyros,zephyros
"α",α
"αβγ",αβγ
"αβγδ",αβγδ
"αβγδε",αβγδε
"αβγδεζηθ",αβγδεζηθ
"αβγδεζηθικλμ",αβγδεζηθικλμ
"αβγδεζηθικλμνξοπρστυφχψω",αβγδεζηθικλμνξοπρστυφχψω
"αβγυκφκ",αβγυκφκ
"ἀγαθῷ",ἀγαθῷ
"ἀγαθώτατε",ἀγαθώτατε
"ἄγγελος",ἄγγελος
"ἀγῶνα",ἀγῶνα
"αδελφ",αδελφ
"ἀδελφὸς",ἀδελφὸς
"αδι",αδι
"αδι’",αδι’
"ἄδωνιϲ",ἄδωνιϲ
"αἰθέριαι",αἰθέριαι
"αλε",αλε
"ἀλέξανδrος",ἀλέξανδrος
"ἀλέξανδρε",Ἀλέξανδρος
"αλλα",αλλα
"αμ",αμ
"ἀμέριμνος",ἀμέριμνος
"αμπης",αμπης
"αν",αν
"ἂν",ἂν
"ἀναγ",ἀναγ
"ἀναγεινώ<sup>σ</sup>κων",ἀναγεινώ<sup>σ</sup>κων
"ἀναγεινώσκων",ἀναγεινώσκων
"ἀναγινό<sup>σ</sup>κοντα",ἀναγινό<sup>σ</sup>κοντα
"ἀναγινώσκοντι",ἀναγινώσκοντι
"ανακας",ανακας
"ἀνατολῆς",ἀνατολῆς
"ἀνατολῆς)",ἀνατολῆς)
"απ",απ
"ἄπαις",ἄπαις
"απατρα",απατρα
"ἀπέδωκε",ἀπέδωκε
"ἀπολλόδωροϲ",ἀπολλόδωροϲ
"ἀπολλώνιοϲ",ἀπολλώνιοϲ
"απολολει",απολολει
"ἀριθμός",ἀριθμός
"ἀριθμὸς",ἀριθμὸς
"ἁρμονίας",ἁρμονίας
"ἁρποκρᾶς",ἁρποκρᾶς
"ἁρπορκρᾶς",ἁρπορκρᾶς
"ἀρτεμῆϲ",ἀρτεμῆϲ
"ἀρτεμιδώρου",Ἀρτεμίδωρος
"ἄρτος",ἄρτος
"ἀσείας",Ἀσεία
"ἀσία",Ἀσία
"ἀσίας",Ἀσία
"ατη",ατη
"ἄφες",ἄφες
"ἀφροδισίας",ἀφροδισίας
"ἀχάριστον",ἀχάριστον
"αψοε",αψοε
"βαίτῃ",βαίτῃ
"βαιτην",βαιτην
"βαύδανοϲ",βαύδανοϲ
"βινεῖ",βινεῖ
"βινεῖς",βινεῖς
"βομβύκιον",βομβύκιον
"γ",γ
"γαμεῖν",γαμεῖν
"γενος",γενος
"γις",γις
"γνώμονος",γνώμονος
"γράφων",γράφων
"γυναῖκα",γυναῖκα
"γυνὴ",γυνὴ
"γω",γω
"δ",δ
"δακτυλεις",δακτυλεις
"δὲ",δὲ
"δεδωκὼς",δεδωκὼς
"δεζη",δεζη
"δειχει",δειχει
"δέκα",δέκα
"δεργιαχαι",δεργιαχαι
"δεστανωι",δεστανωι
"δη",δη
"δημόκριτος",Δημόκριτος
"δῆμος",δῆμος
"δήμου",δήμου
"δήμῳ",δήμῳ
"δηνάριαδ",δηνάριαδ
"διὰ",διὰ
"διασωθείς",διασωθείς
"διο",διο
"διογένης",Διογένης
"διογένης",Διογένης
"διογένηϲ",διογένηϲ
"διόφαντοϲ",διόφαντοϲ
"διώλεσεν;",διώλεσεν;
"δο",δο
"δοκεῖ",δοκεῖ
"δόλιου",δόλιου
"δὸς",δὸς
"δὸς πυγίσαι",δὸς πυγίσαι
"δύο",δύο
"ε",ε
"εyη",εyη
"ἐὰν",ἐὰν
"ἑαυτὸν",ἑαυτὸν
"ἐγὼ",ἐγὼ
"ἐθαραπεύ",ἐθαραπεύ
"ἐθαραπεύθην",ἐθαραπεύθην
"εἰ",εἰ
"εἰδίας",εἰδίας
"εἰμί",εἰμί
"εἴπεις;",εἴπεις;
"εἶπεν",εἶπεν
"εἶπεν·",εἶπεν·
"ειποναν",ειποναν
"εἰς",εἰς
"εισιν",εισιν
"ἐκρ",ἐκρ
"ἐκράφη",ἐκράφη
"ἐκτημένην",ἐκτημένην
"ἐλάθε",ἐλάθε
"ἐλάινε",ἐλάινε
"ἐλάινος",ἐλάινος
"ἐμήσθη",ἐμήσθη
"ἐμνήσθη",ἐμνήσθη
"ἐμοῦ",ἐμοῦ
"εν",εν
"ἐν",ἐν
"ενης",ενης
"ἐνθάδε",ἐνθάδε
"ενοηγας",ενοηγας
"ἐξαπίνης",ἐξαπίνης
"ἐξώλη",ἐξώλη
"ἐπ’",ἐπ’
"επ᾿",επ᾿
"ἐπάγαθοϲ",ἐπάγαθοϲ
"ἐπαφρᾶ",ἐπαφρᾶ
"ἐπῆλθεν",ἐπῆλθεν
"ἐπὶ",ἐπὶ
"ἐποίει",ἐποίει
"ἐποίησε",ἐποίησε
"ἐπύγισα",ἐπύγισα
"ἔργον",ἔργον
"ἑρμῆς",ἑρμῆς
"ἑρμίας",ἑρμίας
"ἔρως",ἔρως
"ἐστί",ἐστί
"ἐστὶν",ἐστὶν
"ἐσφάγη",ἐσφάγη
"ἔτεσιν",ἔτεσιν
"ἔτους",ἔτους
"ευyroiviλc",ευyroiviλc
"ευη",ευη
"ευνυϲ",ευνυϲ
"εὐξάμενος",εὐξάμενος
"εὐπρέπης",Εὐπρέπης
"εὐστα〚υτω〛θίου",Εὐστάθιος
"εὐτύχει",εὐτύχει
"εὐτυχεῖν",εὐτυχεῖν
"εὐφήμει",εὐφήμει
"εὐφροσύνη",Εὐφροσύνη
"εὐχαρειστῶ",εὐχαρειστῶ
"εὐχαριστῶ",εὐχαριστῶ
"εὐχόμεθα",εὐχόμεθα
"ἐφεσίοις",ἐφεσίοις
"ἐφέσιος",Ἐφέσιος
"ἔψυγμαι",ἔψυγμαι
"ἔψυγμε",ἔψυγμε
"εων",εων
"ζεξω",ζεξω
"ζήθι",ζήθι
"ζῇς",ζῇς
"ζητη",ζητη
"ζήτημα",ζήτημα
"ζήτημα",ζήτημα
"ζοη",ζοη
"ζοή",ζοή
"ἡ",ἡ
"ἡδονή",ἡδονή
"ηθχα",ηθχα
"ἡλιόδωροϲ",ἡλιόδωροϲ
"ἡμῶν",ἡμῶν
"ηνην",ηνην
"ἡρακλείδης",Ἡρακλείδης
"ἡς",ἡς
"ἧς",ἧς
"ἥσυχος",ἥσυχος
"θ",θ
"θh",θh
"θάλλος",Θάλλος
"θεαγένης",Θεαγένης
"θειῶδ’",θειῶδ’
"θελητὴ",θελητὴ
"θεοδομητε",θεοδομητε
"θεόν",θεόν
"θεὸν",θεὸν
"θεῶν",θεῶν
"θη",θη
"ι",ι
"ιδειν",ιδειν
"ἰδὼν",ἰδὼν
"ιζ",ιζ
"ιι",ιι
"ιλειπο",ιλειπο
"<ἰσ>ίδωρος",Ἰσίδωρος
"εἴσις",Ἴσις
"εἴσιδι",Ἴσις
"ἰσόψηφα",ἰσόψηφα
"κα`κοῦ´",κα`κοῦ´
"κάζων",κάζων
"καὶ",καὶ
"καιαποεανος",καιαποεανος
"κακ⌜ὸ⌝ν",κακ⌜ὸ⌝ν
"καλῆς",καλῆς
"καλός",καλός
"καλὸς",καλὸς
"καλοῦ",καλοῦ
"καλῶν",καλῶν
"καλῶϲ",καλῶϲ
"καντρια",καντρια
"κατὰ",κατὰ
"καταπείνῃ",καταπείνῃ
"καταποτα",καταποτα
"καταχ",καταχ
"κατέκτανε",κατέκτανε
"κε",κε
"κεηρ",κεηρ
"κέλϲα",κέλϲα
"κέλσου",Κέλσος
"κζ",κζ
"κίνναμοϲ",κίνναμοϲ
"κιυς",κιυς
"κλέος",κλέος
"κληβιχν",κληβιχν
"κλίδισον",κλίδισον
"κογιτάτουϲ",κογιτάτουϲ
"κοε",κοε
"κοες",κοες
"κρόκης",κρόκης
"κυβ",κυβ
"κυλίας",κυλίας
"κυνικὸς",κυνικὸς
"κυρία",κυρία
"κυρίας",κυρίας
"κύριος",κύριος
"κυρίους",κυρίους
"κωντρ",κωντρ
"λvcvlvs",λvcvlvs
"λαρια",λαρια
"λεγ",λεγ
"λεγόμενος",λεγόμενος
"λειοντισ[ ]",Λεόντιος Λεοντίσκος
"λειοντισ",Λεόντιος Λεοντίσκος
"λιαβιχτλ",λιαβιχτλ
"λιβερᾶλις",λιβερᾶλις
"λικιο",λικιο
"λόγος",λόγος
"λουκος",Λούκιος
"λουσιν",λουσιν
"λυκο",λυκο
"λυκρίων",λυκρίων
"λύχνους",λύχνους
"λυω",λυω
"μ",μ
"μiiροαβ",μiiροαβ
"μαιορεϲ",μαιορεϲ
"ματακαισω",ματακαισω
"μέ",μέ
"μεζηθικλλι",μεζηθικλλι
"μετὰ",μετὰ
"μὴ",μὴ
"μῆλον",μῆλον
"μία",μία
"μίαινε",μίαινε
"μίαν",μίαν
"μιμοῦ",μιμοῦ
"μνα",μνα
"μνξοπρϲτυφχψω",μνξοπρϲτυφχψω
"μολα",μολα
"μους",μους
"μουσαῖος",μουσαῖος
"μυσταγωγός",μυσταγωγός
"ν",ν
"ναε",ναε
"νεικητής",νεικητής
"νεικήτης",Νεικήτης
"νεῖλος",Νεῖλος
"νειτη",νειτη
"νήσας",νήσας
"νικλαπαν",νικλαπαν
"νόθ<sup>ο</sup>ς",νόθ<sup>ο</sup>ς
"νυηπλη",νυηπλη
"νφ",νφ
"νωζ",νωζ
"ξρακυτ",ξρακυτ
"ο",ο
"ὁ",ὁ
"οβ",οβ
"οἷς",οἷς
"ολοπληθος",ολοπληθος
"ὅλους",ὅλους
"ὀνέϲιμοϲ",ὀνέϲιμοϲ
"ὀνησίμου",Ὀνήσιμος
"ὀνήσιμε",Ὀνήσιμος
"ὄνομα",ὄνομα
"ὀνόματος",ὀνόματος
"οξ",οξ
"ὄρη",ὄρη
"ὀρχη",ὀρχη
"ὀρχῆσαι",ὀρχῆσαι
"ος",ος
"οὗ",οὗ
"ουδεννος",ουδεννος
"ὀφθαλμὸν",ὀφθαλμὸν
"ὀφθαλμοὺς",ὀφθαλμοὺς
"ὁφθαλμούς",ὁφθαλμούς
"ὀφθαλμῶι",ὀφθαλμῶι
"ὀφθαλμῶν",ὀφθαλμῶν
"ὀφθαρμίων",ὀφθαρμίων
"ὀψὲ",ὀψὲ
"π",π
"πiiii",πiiii
"παιδίου",παιδίου
"παίδων",παίδων
"πᾶν",πᾶν
"παρθένα",Παρθένα
"πάρις",πάρις
"πᾶσι",πᾶσι
"πε",πε
"περὶ",περὶ
"πέτρω",πέτρω
"πης",πης
"πίνετε",πίνετε
"πινκίρνας",πινκίρνας
"πίστις",πίστις
"πν",πν
"πνεῦμα",πνεῦμα
"πολaζη",πολaζη
"πόλεμον",πόλεμον
"πολλ<sup>ο</sup>ῖς",πολλ<sup>ο</sup>ῖς
"πολλὰ",πολλὰ
"πολυπου",πολυπου
"ποταμοῦ",ποταμοῦ
"πρης",πρης
"πρόκλα",πρόκλα
"πρυτανικός",Πρυτανικός
"πρὼ",πρὼ
"πρώτη",πρώτη
"πρωτο",πρωτο
"πρώτοις",πρώτοις
"πρῶτος",πρῶτος
"πτέρυγεϲ",πτέρυγεϲ
"πυγίζει",πυγίζει
"πυγίζεται",πυγίζεται
"πυγίζομαι",πυγίζομαι
"πυγίσαι",πυγίσαι
"πυγίσε",πυγίσε
"ρ",ρ
"ρα",ρα
"σ",σ
"σαβεῖνε",Σαβεῖνος
"σαβίνιο",σαβίνιο
"σαρδιανοῖς",Σαρδιανός
"σὲ",σὲ
"σι",σι
"σμυρναίου",Σμυρναῖος
"σμυρναία",Σμυρναῖος
"σοι",σοι
"σοὶ",σοὶ
"σου",σου
"σοῦ",σοῦ
"σὺν",σὺν
"συνέρως",συνέρως
"σωσᾶς",σωσᾶς
"ταθίου",ταθίου
"ταῦτα",ταῦτα
"τάφος",τάφος
"τάχει",τάχει
"τε",τε
"τῇ",τῇ
"τὴν",τὴν
"τῆς",τῆς
"τησμ",τησμ
"τί",τί
"τικτομένη",τικτομένη
"τίτθη",τίτθη
"τίτος",Τίτος
"τνα",τνα
"τὸ",τὸ
"τὸν",τὸν
"τόπος",τόπος
"τος",τος
"του",του
"τοῦ",τοῦ
"τοὺς",τοὺς
"τράλλεις",Τράλλεις
"τρηθηει",τρηθηει
"τρος",τρος
"τροφίμη",Τροφίμη
"τρύφων",τρύφων
"[---τ]ροφίμη",Τρύφων
"τυχη",τυχη
"τύχη",τύχη
"τω",τω
"τῷ",τῷ
"τῶν",τῶν
"υ",υ
"ὑγείᾳ",ὑγείᾳ
"ὑιείνου",Ὑγεῖνος
"ἡγεῖνος",Ὑγεῖνος
"ὑπ’",ὑπ’
"ὑπὸ",ὑπὸ
"υτινι",υτινι
"υφαμτ",υφαμτ
"φάβιος",φάβιος
"φαι",φαι
"φακι",φακι
"φέρεσθαι",φέρεσθαι
"φέρεσσθαι<span",φέρεσσθαι<span
"φερομένην",φερομένην
"φίλ’",φίλ’
"φιλεῖνος",Φιλεῖνος
"φίλητος",φίλητος
"φιλιππε",φιλιππε
"φίλιππος",Φίλιππος
"φιλόσοφος",φιλόσοφος
"φιλοῦσα",φιλοῦσα
"φιλοῦσαν",φιλοῦσαν
"φιλω",φιλω
"φιλῶ",φιλῶ
"φοῦσκος",Φοῦσκος
"φουτουτρις",φουτουτρις
"χαῖρε",χαῖρε
"χαίροις",χαίροις
"χαρίας",Χαρίας
"χαρίτων",Χαρίτων
"χις",χις
"χρυσοῖ",χρυσοῖ
"χρωτῶ<sup>ν</sup>",χρωτῶ<sup>ν</sup>
"ψας",ψας
"ψεζηκ",ψεζηκ
"ψλα",ψλα
"ψωλή",ψωλή
"ω",ω
"ωδι",ωδι
"ὢν",ὢν
"ὥρα",ὥρα
